# source_id	kind	status	crystal_refs	notes
examples/examples/fmt/yak_shave.rs::func::shave	func	missing	-	auto-generated
examples/examples/fmt/yak_shave.rs::func::shave_all	func	missing	-	auto-generated
examples/examples/futures-proxy-server.rs::enum::LogFormat	enum	missing	-	auto-generated
examples/examples/futures-proxy-server.rs::struct::Args	struct	missing	-	auto-generated
examples/examples/serde-yak-shave.rs::struct::JsonSubscriber	struct	missing	-	auto-generated
examples/examples/sloggish/sloggish_subscriber.rs::func::enter	func	missing	-	auto-generated
examples/examples/sloggish/sloggish_subscriber.rs::func::exit	func	missing	-	auto-generated
examples/examples/sloggish/sloggish_subscriber.rs::func::id	func	missing	-	auto-generated
examples/examples/sloggish/sloggish_subscriber.rs::func::new	func	missing	-	auto-generated
examples/examples/sloggish/sloggish_subscriber.rs::method::CurrentSpanPerThread.new	method	missing	-	auto-generated
examples/examples/sloggish/sloggish_subscriber.rs::method::SloggishSubscriber.new	method	missing	-	auto-generated
examples/examples/sloggish/sloggish_subscriber.rs::struct::CurrentSpanPerThread	struct	missing	-	auto-generated
examples/examples/sloggish/sloggish_subscriber.rs::struct::SloggishSubscriber	struct	missing	-	auto-generated
examples/examples/tower-server.rs::struct::MakeSvc	struct	missing	-	auto-generated
examples/examples/tower-server.rs::struct::Svc	struct	missing	-	auto-generated
examples/examples/valuable_instrument.rs::func::run	func	missing	-	auto-generated
tracing-appender/src/non_blocking.rs::const::DEFAULT_BUFFERED_LINES_LIMIT	const	missing	-	auto-generated
tracing-appender/src/non_blocking.rs::func::buffered_lines_limit	func	missing	-	auto-generated
tracing-appender/src/non_blocking.rs::func::dropped_lines	func	missing	-	auto-generated
tracing-appender/src/non_blocking.rs::func::error_counter	func	missing	-	auto-generated
tracing-appender/src/non_blocking.rs::func::lossy	func	missing	-	auto-generated
tracing-appender/src/non_blocking.rs::func::thread_name	func	missing	-	auto-generated
tracing-appender/src/non_blocking.rs::method::ErrorCounter.dropped_lines	method	missing	-	auto-generated
tracing-appender/src/non_blocking.rs::method::NonBlockingBuilder.buffered_lines_limit	method	missing	-	auto-generated
tracing-appender/src/non_blocking.rs::struct::ErrorCounter	struct	missing	-	auto-generated
tracing-appender/src/non_blocking.rs::struct::NonBlocking	struct	missing	-	auto-generated
tracing-appender/src/non_blocking.rs::struct::NonBlockingBuilder	struct	missing	-	auto-generated
tracing-appender/src/non_blocking.rs::struct::WorkerGuard	struct	missing	-	auto-generated
tracing-appender/src/non_blocking.rs::test::backpressure_exerted	test	missing	-	auto-generated
tracing-appender/src/non_blocking.rs::test::logs_dropped_if_lossy	test	missing	-	auto-generated
tracing-appender/src/non_blocking.rs::test::multi_threaded_writes	test	missing	-	auto-generated
tracing-appender/src/rolling.rs::const::DAILY	const	missing	-	auto-generated
tracing-appender/src/rolling.rs::const::HOURLY	const	missing	-	auto-generated
tracing-appender/src/rolling.rs::const::MINUTELY	const	missing	-	auto-generated
tracing-appender/src/rolling.rs::const::NEVER	const	missing	-	auto-generated
tracing-appender/src/rolling.rs::const::WEEKLY	const	missing	-	auto-generated
tracing-appender/src/rolling.rs::func::builder	func	ported	src/tracing/subscriber/appender.cr	-
tracing-appender/src/rolling.rs::func::daily	func	missing	-	auto-generated
tracing-appender/src/rolling.rs::func::hourly	func	missing	-	auto-generated
tracing-appender/src/rolling.rs::func::minutely	func	missing	-	auto-generated
tracing-appender/src/rolling.rs::func::never	func	missing	-	auto-generated
tracing-appender/src/rolling.rs::func::new	func	ported	src/tracing/subscriber/appender.cr	RollingFileAppender.new (rotation, dir, prefix, suffix, max_files)
tracing-appender/src/rolling.rs::func::weekly	func	missing	-	auto-generated
tracing-appender/src/rolling.rs::method::RollingFileAppender.new	method	missing	-	auto-generated
tracing-appender/src/rolling.rs::struct::RollingFileAppender	struct	missing	-	auto-generated
tracing-appender/src/rolling.rs::struct::RollingWriter	struct	missing	-	auto-generated
tracing-appender/src/rolling.rs::struct::Rotation	struct	missing	-	auto-generated
tracing-appender/src/rolling.rs::test::test_join_date	test	missing	-	auto-generated
tracing-appender/src/rolling.rs::test::test_make_writer	test	missing	-	auto-generated
tracing-appender/src/rolling.rs::test::test_max_log_files	test	missing	-	auto-generated
tracing-appender/src/rolling.rs::test::test_never_date_rounding	test	missing	-	auto-generated
tracing-appender/src/rolling.rs::test::test_path_concatenation	test	missing	-	auto-generated
tracing-appender/src/rolling.rs::test::test_rotations	test	missing	-	auto-generated
tracing-appender/src/rolling.rs::test::write_daily_log	test	missing	-	auto-generated
tracing-appender/src/rolling.rs::test::write_hourly_log	test	missing	-	auto-generated
tracing-appender/src/rolling.rs::test::write_minutely_log	test	missing	-	auto-generated
tracing-appender/src/rolling.rs::test::write_never_log	test	missing	-	auto-generated
tracing-appender/src/rolling.rs::test::write_weekly_log	test	missing	-	auto-generated
tracing-appender/src/rolling/builder.rs::func::build	func	ported	src/tracing/subscriber/appender.cr	-
tracing-appender/src/rolling/builder.rs::func::filename_prefix	func	ported	src/tracing/subscriber/appender.cr	empty string treated as unset
tracing-appender/src/rolling/builder.rs::func::filename_suffix	func	ported	src/tracing/subscriber/appender.cr	empty string treated as unset
tracing-appender/src/rolling/builder.rs::func::max_log_files	func	ported	src/tracing/subscriber/appender.cr	prunes by modification time
tracing-appender/src/rolling/builder.rs::func::rotation	func	missing	-	auto-generated
tracing-appender/src/rolling/builder.rs::struct::Builder	struct	ported	src/tracing/subscriber/appender.cr	RollingFileAppender::Builder
tracing-appender/src/rolling/builder.rs::struct::InitError	struct	missing	-	auto-generated
tracing-attributes/src/lib.rs::func::instrument	func	missing	-	auto-generated
tracing-attributes/tests/async_fn.rs::test::async_fn_nested	test	missing	-	auto-generated
tracing-attributes/tests/async_fn.rs::test::async_fn_only_enters_for_polls	test	missing	-	auto-generated
tracing-attributes/tests/async_fn.rs::test::async_fn_with_async_trait	test	missing	-	auto-generated
tracing-attributes/tests/async_fn.rs::test::async_fn_with_async_trait_and_fields_expressions	test	missing	-	auto-generated
tracing-attributes/tests/async_fn.rs::test::async_fn_with_async_trait_and_fields_expressions_with_generic_parameter	test	missing	-	auto-generated
tracing-attributes/tests/async_fn.rs::test::manual_box_pin	test	missing	-	auto-generated
tracing-attributes/tests/async_fn.rs::test::manual_impl_future	test	missing	-	auto-generated
tracing-attributes/tests/async_fn.rs::test::out_of_scope_fields	test	missing	-	auto-generated
tracing-attributes/tests/async_fn.rs::trait::Test	trait	missing	-	auto-generated
tracing-attributes/tests/async_fn.rs::trait::TestA	trait	missing	-	auto-generated
tracing-attributes/tests/async_fn.rs::trait::TestB	trait	missing	-	auto-generated
tracing-attributes/tests/async_fn.rs::trait::TestC	trait	missing	-	auto-generated
tracing-attributes/tests/destructuring.rs::test::destructure_everything	test	missing	-	auto-generated
tracing-attributes/tests/destructuring.rs::test::destructure_nested_tuples	test	missing	-	auto-generated
tracing-attributes/tests/destructuring.rs::test::destructure_refs	test	missing	-	auto-generated
tracing-attributes/tests/destructuring.rs::test::destructure_structs	test	missing	-	auto-generated
tracing-attributes/tests/destructuring.rs::test::destructure_tuple_structs	test	missing	-	auto-generated
tracing-attributes/tests/destructuring.rs::test::destructure_tuples	test	missing	-	auto-generated
tracing-attributes/tests/err.rs::test::impl_trait_return_type	test	missing	-	auto-generated
tracing-attributes/tests/err.rs::test::test	test	missing	-	auto-generated
tracing-attributes/tests/err.rs::test::test_async	test	missing	-	auto-generated
tracing-attributes/tests/err.rs::test::test_early_return	test	missing	-	auto-generated
tracing-attributes/tests/err.rs::test::test_err_custom_target	test	missing	-	auto-generated
tracing-attributes/tests/err.rs::test::test_err_dbg	test	missing	-	auto-generated
tracing-attributes/tests/err.rs::test::test_err_dbg_info	test	missing	-	auto-generated
tracing-attributes/tests/err.rs::test::test_err_display_default	test	missing	-	auto-generated
tracing-attributes/tests/err.rs::test::test_err_info	test	missing	-	auto-generated
tracing-attributes/tests/err.rs::test::test_err_warn_info	test	missing	-	auto-generated
tracing-attributes/tests/err.rs::test::test_mut	test	missing	-	auto-generated
tracing-attributes/tests/err.rs::test::test_mut_async	test	missing	-	auto-generated
tracing-attributes/tests/fields.rs::test::clashy_const_field_name	test	missing	-	auto-generated
tracing-attributes/tests/fields.rs::test::clashy_expr_field	test	missing	-	auto-generated
tracing-attributes/tests/fields.rs::test::empty_field	test	missing	-	auto-generated
tracing-attributes/tests/fields.rs::test::expr_const_field_name	test	missing	-	auto-generated
tracing-attributes/tests/fields.rs::test::expr_const_fn_field_name	test	missing	-	auto-generated
tracing-attributes/tests/fields.rs::test::expr_field	test	missing	-	auto-generated
tracing-attributes/tests/fields.rs::test::fields	test	missing	-	auto-generated
tracing-attributes/tests/fields.rs::test::keyword_ident_in_field_name	test	missing	-	auto-generated
tracing-attributes/tests/fields.rs::test::parameters_with_fields	test	missing	-	auto-generated
tracing-attributes/tests/fields.rs::test::self_expr_field	test	missing	-	auto-generated
tracing-attributes/tests/fields.rs::test::string_field	test	missing	-	auto-generated
tracing-attributes/tests/fields.rs::test::string_field_name	test	missing	-	auto-generated
tracing-attributes/tests/fields.rs::test::struct_const_field_name	test	missing	-	auto-generated
tracing-attributes/tests/fields.rs::test::two_expr_fields	test	missing	-	auto-generated
tracing-attributes/tests/follows_from.rs::test::follows_from_async_test	test	missing	-	auto-generated
tracing-attributes/tests/follows_from.rs::test::follows_from_current_test	test	missing	-	auto-generated
tracing-attributes/tests/follows_from.rs::test::follows_from_sync_test	test	missing	-	auto-generated
tracing-attributes/tests/instrument.rs::func::my_other_fn	func	missing	-	auto-generated
tracing-attributes/tests/instrument.rs::test::fields	test	missing	-	auto-generated
tracing-attributes/tests/instrument.rs::test::generics	test	missing	-	auto-generated
tracing-attributes/tests/instrument.rs::test::impl_trait_return_type	test	missing	-	auto-generated
tracing-attributes/tests/instrument.rs::test::methods	test	missing	-	auto-generated
tracing-attributes/tests/instrument.rs::test::name_ident	test	missing	-	auto-generated
tracing-attributes/tests/instrument.rs::test::override_everything	test	missing	-	auto-generated
tracing-attributes/tests/instrument.rs::test::skip	test	missing	-	auto-generated
tracing-attributes/tests/instrument.rs::test::target_ident	test	missing	-	auto-generated
tracing-attributes/tests/instrument.rs::test::target_name_ident	test	missing	-	auto-generated
tracing-attributes/tests/instrument.rs::test::user_tracing_module	test	missing	-	auto-generated
tracing-attributes/tests/levels.rs::test::enum_levels	test	missing	-	auto-generated
tracing-attributes/tests/levels.rs::test::named_levels	test	missing	-	auto-generated
tracing-attributes/tests/levels.rs::test::numeric_levels	test	missing	-	auto-generated
tracing-attributes/tests/names.rs::test::custom_name_no_equals_test	test	missing	-	auto-generated
tracing-attributes/tests/names.rs::test::custom_name_test	test	missing	-	auto-generated
tracing-attributes/tests/names.rs::test::default_name_test	test	missing	-	auto-generated
tracing-attributes/tests/parents.rs::test::default_parent_test	test	missing	-	auto-generated
tracing-attributes/tests/parents.rs::test::explicit_parent_test	test	missing	-	auto-generated
tracing-attributes/tests/ret.rs::test::test	test	missing	-	auto-generated
tracing-attributes/tests/ret.rs::test::test_async	test	missing	-	auto-generated
tracing-attributes/tests/ret.rs::test::test_custom_target	test	missing	-	auto-generated
tracing-attributes/tests/ret.rs::test::test_dbg	test	missing	-	auto-generated
tracing-attributes/tests/ret.rs::test::test_dbg_warn	test	missing	-	auto-generated
tracing-attributes/tests/ret.rs::test::test_impl_type	test	missing	-	auto-generated
tracing-attributes/tests/ret.rs::test::test_mut	test	missing	-	auto-generated
tracing-attributes/tests/ret.rs::test::test_ret_and_err	test	missing	-	auto-generated
tracing-attributes/tests/ret.rs::test::test_ret_and_ok	test	missing	-	auto-generated
tracing-attributes/tests/ret.rs::test::test_warn	test	missing	-	auto-generated
tracing-attributes/tests/ret.rs::test::test_warn_info	test	missing	-	auto-generated
tracing-attributes/tests/targets.rs::const::MODULE_PATH	const	missing	-	auto-generated
tracing-attributes/tests/targets.rs::func::custom_target	func	missing	-	auto-generated
tracing-attributes/tests/targets.rs::func::default_target	func	missing	-	auto-generated
tracing-attributes/tests/targets.rs::test::custom_targets	test	missing	-	auto-generated
tracing-attributes/tests/targets.rs::test::default_targets	test	missing	-	auto-generated
tracing-attributes/tests/ui.rs::test::compile_fail	test	missing	-	auto-generated
tracing-attributes/tests/ui.rs::test::pass	test	missing	-	auto-generated
tracing-core/src/callsite.rs::func::interest	func	missing	-	auto-generated
tracing-core/src/callsite.rs::func::rebuild_interest_cache	func	missing	-	auto-generated
tracing-core/src/callsite.rs::func::register	func	missing	-	auto-generated
tracing-core/src/callsite.rs::struct::DefaultCallsite	struct	missing	-	auto-generated
tracing-core/src/callsite.rs::struct::Identifier	struct	missing	-	auto-generated
tracing-core/src/callsite.rs::struct::Private	struct	missing	-	auto-generated
tracing-core/src/callsite.rs::trait::Callsite	trait	missing	-	auto-generated
tracing-core/src/dispatcher.rs::func::clone_span	func	missing	-	auto-generated
tracing-core/src/dispatcher.rs::func::current_span	func	missing	-	auto-generated
tracing-core/src/dispatcher.rs::func::downgrade	func	missing	-	auto-generated
tracing-core/src/dispatcher.rs::func::drop_span	func	missing	-	auto-generated
tracing-core/src/dispatcher.rs::func::enabled	func	missing	-	auto-generated
tracing-core/src/dispatcher.rs::func::enter	func	missing	-	auto-generated
tracing-core/src/dispatcher.rs::func::event	func	missing	-	auto-generated
tracing-core/src/dispatcher.rs::func::exit	func	missing	-	auto-generated
tracing-core/src/dispatcher.rs::func::has_been_set	func	missing	-	auto-generated
tracing-core/src/dispatcher.rs::func::new_span	func	missing	-	auto-generated
tracing-core/src/dispatcher.rs::func::none	func	missing	-	auto-generated
tracing-core/src/dispatcher.rs::func::record	func	missing	-	auto-generated
tracing-core/src/dispatcher.rs::func::record_follows_from	func	missing	-	auto-generated
tracing-core/src/dispatcher.rs::func::register_callsite	func	missing	-	auto-generated
tracing-core/src/dispatcher.rs::func::set_default	func	missing	-	auto-generated
tracing-core/src/dispatcher.rs::func::set_global_default	func	missing	-	auto-generated
tracing-core/src/dispatcher.rs::func::try_close	func	missing	-	auto-generated
tracing-core/src/dispatcher.rs::func::upgrade	func	missing	-	auto-generated
tracing-core/src/dispatcher.rs::method::Dispatch.none	method	missing	-	auto-generated
tracing-core/src/dispatcher.rs::method::WeakDispatch.upgrade	method	missing	-	auto-generated
tracing-core/src/dispatcher.rs::struct::DefaultGuard	struct	missing	-	auto-generated
tracing-core/src/dispatcher.rs::struct::Dispatch	struct	missing	-	auto-generated
tracing-core/src/dispatcher.rs::struct::SetGlobalDefaultError	struct	missing	-	auto-generated
tracing-core/src/dispatcher.rs::struct::WeakDispatch	struct	missing	-	auto-generated
tracing-core/src/dispatcher.rs::test::default_dispatch	test	missing	-	auto-generated
tracing-core/src/dispatcher.rs::test::default_no_subscriber	test	missing	-	auto-generated
tracing-core/src/dispatcher.rs::test::dispatch_downcasts	test	missing	-	auto-generated
tracing-core/src/dispatcher.rs::test::dispatch_is	test	missing	-	auto-generated
tracing-core/src/dispatcher.rs::test::events_dont_infinite_loop	test	missing	-	auto-generated
tracing-core/src/dispatcher.rs::test::spans_dont_infinite_loop	test	missing	-	auto-generated
tracing-core/src/event.rs::func::child_of	func	missing	-	auto-generated
tracing-core/src/event.rs::func::dispatch	func	missing	-	auto-generated
tracing-core/src/event.rs::func::fields	func	missing	-	auto-generated
tracing-core/src/event.rs::func::is_contextual	func	missing	-	auto-generated
tracing-core/src/event.rs::func::is_root	func	missing	-	auto-generated
tracing-core/src/event.rs::func::metadata	func	missing	-	auto-generated
tracing-core/src/event.rs::func::new	func	missing	-	auto-generated
tracing-core/src/event.rs::func::new_child_of	func	missing	-	auto-generated
tracing-core/src/event.rs::func::parent	func	missing	-	auto-generated
tracing-core/src/event.rs::func::record	func	missing	-	auto-generated
tracing-core/src/event.rs::method::Event.dispatch	method	missing	-	auto-generated
tracing-core/src/event.rs::struct::Event	struct	missing	-	auto-generated
tracing-core/src/field.rs::func::callsite	func	missing	-	auto-generated
tracing-core/src/field.rs::func::contains	func	missing	-	auto-generated
tracing-core/src/field.rs::func::index	func	missing	-	auto-generated
tracing-core/src/field.rs::func::is_empty	func	missing	-	auto-generated
tracing-core/src/field.rs::func::iter	func	missing	-	auto-generated
tracing-core/src/field.rs::func::len	func	missing	-	auto-generated
tracing-core/src/field.rs::func::name	func	missing	-	auto-generated
tracing-core/src/field.rs::func::record	func	missing	-	auto-generated
tracing-core/src/field.rs::method::Field.callsite	method	missing	-	auto-generated
tracing-core/src/field.rs::method::ValueSet.callsite	method	missing	-	auto-generated
tracing-core/src/field.rs::struct::DebugValue	struct	missing	-	auto-generated
tracing-core/src/field.rs::struct::DisplayValue	struct	missing	-	auto-generated
tracing-core/src/field.rs::struct::Empty	struct	missing	-	auto-generated
tracing-core/src/field.rs::struct::Field	struct	missing	-	auto-generated
tracing-core/src/field.rs::struct::FieldSet	struct	missing	-	auto-generated
tracing-core/src/field.rs::struct::Iter	struct	missing	-	auto-generated
tracing-core/src/field.rs::struct::ValueSet	struct	missing	-	auto-generated
tracing-core/src/field.rs::test::empty_fields_are_skipped	test	missing	-	auto-generated
tracing-core/src/field.rs::test::empty_value_set_is_empty	test	missing	-	auto-generated
tracing-core/src/field.rs::test::fields_from_other_callsets_are_skipped	test	missing	-	auto-generated
tracing-core/src/field.rs::test::index_of_field_in_fieldset_is_correct	test	missing	-	auto-generated
tracing-core/src/field.rs::test::record_bytes	test	missing	-	auto-generated
tracing-core/src/field.rs::test::record_debug_fn	test	missing	-	auto-generated
tracing-core/src/field.rs::test::record_error	test	missing	-	auto-generated
tracing-core/src/field.rs::test::sparse_value_sets_are_not_empty	test	missing	-	auto-generated
tracing-core/src/field.rs::test::value_set_with_no_values_is_empty	test	missing	-	auto-generated
tracing-core/src/field.rs::test::value_sets_with_fields_from_other_callsites_are_empty	test	missing	-	auto-generated
tracing-core/src/field.rs::trait::ValidLen	trait	missing	-	auto-generated
tracing-core/src/field.rs::trait::Value	trait	missing	-	auto-generated
tracing-core/src/field.rs::trait::Visit	trait	missing	-	auto-generated
tracing-core/src/lib.rs::trait::Sealed	trait	missing	-	auto-generated
tracing-core/src/lib.rs::type::Once	type	missing	-	auto-generated
tracing-core/src/metadata.rs::const::DEBUG	const	missing	-	auto-generated
tracing-core/src/metadata.rs::const::ERROR	const	missing	-	auto-generated
tracing-core/src/metadata.rs::const::EVENT	const	missing	-	auto-generated
tracing-core/src/metadata.rs::const::HINT	const	missing	-	auto-generated
tracing-core/src/metadata.rs::const::INFO	const	missing	-	auto-generated
tracing-core/src/metadata.rs::const::OFF	const	missing	-	auto-generated
tracing-core/src/metadata.rs::const::SPAN	const	missing	-	auto-generated
tracing-core/src/metadata.rs::const::TRACE	const	missing	-	auto-generated
tracing-core/src/metadata.rs::const::WARN	const	missing	-	auto-generated
tracing-core/src/metadata.rs::func::as_str	func	missing	-	auto-generated
tracing-core/src/metadata.rs::func::callsite	func	missing	-	auto-generated
tracing-core/src/metadata.rs::func::current	func	missing	-	auto-generated
tracing-core/src/metadata.rs::func::fields	func	missing	-	auto-generated
tracing-core/src/metadata.rs::func::file	func	missing	-	auto-generated
tracing-core/src/metadata.rs::func::is_event	func	missing	-	auto-generated
tracing-core/src/metadata.rs::func::is_hint	func	missing	-	auto-generated
tracing-core/src/metadata.rs::func::is_span	func	missing	-	auto-generated
tracing-core/src/metadata.rs::func::level	func	missing	-	auto-generated
tracing-core/src/metadata.rs::func::line	func	missing	-	auto-generated
tracing-core/src/metadata.rs::func::module_path	func	missing	-	auto-generated
tracing-core/src/metadata.rs::func::name	func	missing	-	auto-generated
tracing-core/src/metadata.rs::func::target	func	missing	-	auto-generated
tracing-core/src/metadata.rs::method::Kind.is_span	method	missing	-	auto-generated
tracing-core/src/metadata.rs::method::Level.as_str	method	missing	-	auto-generated
tracing-core/src/metadata.rs::struct::Kind	struct	missing	-	auto-generated
tracing-core/src/metadata.rs::struct::Level	struct	missing	-	auto-generated
tracing-core/src/metadata.rs::struct::LevelFilter	struct	missing	-	auto-generated
tracing-core/src/metadata.rs::struct::Metadata	struct	missing	-	auto-generated
tracing-core/src/metadata.rs::struct::ParseLevelError	struct	missing	-	auto-generated
tracing-core/src/metadata.rs::struct::ParseLevelFilterError	struct	missing	-	auto-generated
tracing-core/src/metadata.rs::test::filter_level_conversion	test	missing	-	auto-generated
tracing-core/src/metadata.rs::test::level_filter_is_usize_sized	test	missing	-	auto-generated
tracing-core/src/metadata.rs::test::level_filter_reprs	test	missing	-	auto-generated
tracing-core/src/metadata.rs::test::level_from_str	test	missing	-	auto-generated
tracing-core/src/span.rs::func::child_of	func	missing	-	auto-generated
tracing-core/src/span.rs::func::contains	func	missing	-	auto-generated
tracing-core/src/span.rs::func::fields	func	missing	-	auto-generated
tracing-core/src/span.rs::func::from_u64	func	missing	-	auto-generated
tracing-core/src/span.rs::func::id	func	missing	-	auto-generated
tracing-core/src/span.rs::func::into_inner	func	missing	-	auto-generated
tracing-core/src/span.rs::func::into_u64	func	missing	-	auto-generated
tracing-core/src/span.rs::func::is_contextual	func	missing	-	auto-generated
tracing-core/src/span.rs::func::is_empty	func	missing	-	auto-generated
tracing-core/src/span.rs::func::is_known	func	missing	-	auto-generated
tracing-core/src/span.rs::func::is_root	func	missing	-	auto-generated
tracing-core/src/span.rs::func::len	func	missing	-	auto-generated
tracing-core/src/span.rs::func::metadata	func	missing	-	auto-generated
tracing-core/src/span.rs::func::new	func	missing	-	auto-generated
tracing-core/src/span.rs::func::new_root	func	missing	-	auto-generated
tracing-core/src/span.rs::func::none	func	missing	-	auto-generated
tracing-core/src/span.rs::func::parent	func	missing	-	auto-generated
tracing-core/src/span.rs::func::record	func	missing	-	auto-generated
tracing-core/src/span.rs::func::values	func	missing	-	auto-generated
tracing-core/src/span.rs::method::Attributes.new	method	missing	-	auto-generated
tracing-core/src/span.rs::method::Current.new	method	missing	-	auto-generated
tracing-core/src/span.rs::method::Id.from_u64	method	missing	-	auto-generated
tracing-core/src/span.rs::method::Record.new	method	missing	-	auto-generated
tracing-core/src/span.rs::struct::Attributes	struct	missing	-	auto-generated
tracing-core/src/span.rs::struct::Current	struct	missing	-	auto-generated
tracing-core/src/span.rs::struct::Id	struct	missing	-	auto-generated
tracing-core/src/span.rs::struct::Record	struct	missing	-	auto-generated
tracing-core/src/spin/once.rs::const::INIT	const	missing	-	auto-generated
tracing-core/src/spin/once.rs::struct::Once	struct	missing	-	auto-generated
tracing-core/src/subscriber.rs::func::always	func	missing	-	auto-generated
tracing-core/src/subscriber.rs::func::is_always	func	missing	-	auto-generated
tracing-core/src/subscriber.rs::func::is_never	func	missing	-	auto-generated
tracing-core/src/subscriber.rs::func::is_sometimes	func	missing	-	auto-generated
tracing-core/src/subscriber.rs::func::never	func	missing	-	auto-generated
tracing-core/src/subscriber.rs::func::sometimes	func	missing	-	auto-generated
tracing-core/src/subscriber.rs::method::Interest.never	method	missing	-	auto-generated
tracing-core/src/subscriber.rs::struct::Interest	struct	missing	-	auto-generated
tracing-core/src/subscriber.rs::struct::NoSubscriber	struct	missing	-	auto-generated
tracing-core/src/subscriber.rs::trait::Subscriber	trait	missing	-	auto-generated
tracing-core/tests/common/mod.rs::struct::TestSubscriberA	struct	missing	-	auto-generated
tracing-core/tests/common/mod.rs::struct::TestSubscriberB	struct	missing	-	auto-generated
tracing-core/tests/dispatch.rs::test::nested_set_default	test	missing	-	auto-generated
tracing-core/tests/dispatch.rs::test::set_default_dispatch	test	missing	-	auto-generated
tracing-core/tests/global_dispatch.rs::test::global_dispatch	test	missing	-	auto-generated
tracing-core/tests/local_dispatch_before_init.rs::test::local_dispatch_before_init	test	missing	-	auto-generated
tracing-core/tests/macros.rs::test::metadata_macro_api	test	missing	-	auto-generated
tracing-core/tests/missed_register_callsite.rs::test::event_before_register	test	missing	-	auto-generated
tracing-error/src/backtrace.rs::const::CAPTURED	const	missing	-	auto-generated
tracing-error/src/backtrace.rs::const::EMPTY	const	missing	-	auto-generated
tracing-error/src/backtrace.rs::const::UNSUPPORTED	const	missing	-	auto-generated
tracing-error/src/backtrace.rs::func::capture	func	missing	-	auto-generated
tracing-error/src/backtrace.rs::func::new	func	missing	-	auto-generated
tracing-error/src/backtrace.rs::func::status	func	missing	-	auto-generated
tracing-error/src/backtrace.rs::func::with_spans	func	missing	-	auto-generated
tracing-error/src/backtrace.rs::method::SpanTrace.new	method	missing	-	auto-generated
tracing-error/src/backtrace.rs::struct::SpanTrace	struct	missing	-	auto-generated
tracing-error/src/backtrace.rs::struct::SpanTraceStatus	struct	missing	-	auto-generated
tracing-error/src/backtrace.rs::test::capture_empty	test	missing	-	auto-generated
tracing-error/src/backtrace.rs::test::capture_supported	test	missing	-	auto-generated
tracing-error/src/backtrace.rs::test::capture_unsupported	test	missing	-	auto-generated
tracing-error/src/error.rs::struct::TracedError	struct	missing	-	auto-generated
tracing-error/src/error.rs::trait::ExtractSpanTrace	trait	missing	-	auto-generated
tracing-error/src/error.rs::trait::InstrumentError	trait	missing	-	auto-generated
tracing-error/src/error.rs::trait::InstrumentResult	trait	missing	-	auto-generated
tracing-error/src/layer.rs::func::new	func	missing	-	auto-generated
tracing-error/src/layer.rs::method::ErrorLayer.new	method	missing	-	auto-generated
tracing-error/src/layer.rs::struct::ErrorLayer	struct	missing	-	auto-generated
tracing-flame/src/error.rs::struct::Error	struct	missing	-	auto-generated
tracing-flame/src/lib.rs::func::flush	func	missing	-	auto-generated
tracing-flame/src/lib.rs::func::flush_on_drop	func	missing	-	auto-generated
tracing-flame/src/lib.rs::func::new	func	missing	-	auto-generated
tracing-flame/src/lib.rs::func::with_empty_samples	func	missing	-	auto-generated
tracing-flame/src/lib.rs::func::with_file	func	missing	-	auto-generated
tracing-flame/src/lib.rs::func::with_file_and_line	func	missing	-	auto-generated
tracing-flame/src/lib.rs::func::with_module_path	func	missing	-	auto-generated
tracing-flame/src/lib.rs::func::with_threads_collapsed	func	missing	-	auto-generated
tracing-flame/src/lib.rs::method::FlameLayer.new	method	missing	-	auto-generated
tracing-flame/src/lib.rs::method::FlameLayer.with_file	method	missing	-	auto-generated
tracing-flame/src/lib.rs::method::FlushGuard.flush	method	missing	-	auto-generated
tracing-flame/src/lib.rs::struct::FlameLayer	struct	missing	-	auto-generated
tracing-flame/src/lib.rs::struct::FlushGuard	struct	missing	-	auto-generated
tracing-flame/tests/collapsed.rs::test::capture_supported	test	missing	-	auto-generated
tracing-flame/tests/concurrent.rs::test::capture_supported	test	missing	-	auto-generated
tracing-futures/src/executor/futures_01.rs::func::executor	func	missing	-	auto-generated
tracing-futures/src/executor/futures_01.rs::func::handle	func	missing	-	auto-generated
tracing-futures/src/lib.rs::func::dispatch	func	missing	-	auto-generated
tracing-futures/src/lib.rs::func::inner	func	missing	-	auto-generated
tracing-futures/src/lib.rs::func::inner_mut	func	missing	-	auto-generated
tracing-futures/src/lib.rs::func::inner_pin_mut	func	missing	-	auto-generated
tracing-futures/src/lib.rs::func::inner_pin_ref	func	missing	-	auto-generated
tracing-futures/src/lib.rs::func::into_inner	func	missing	-	auto-generated
tracing-futures/src/lib.rs::func::span	func	missing	-	auto-generated
tracing-futures/src/lib.rs::func::span_mut	func	missing	-	auto-generated
tracing-futures/src/lib.rs::method::Instrumented.span	method	missing	-	auto-generated
tracing-futures/src/lib.rs::struct::Instrumented	struct	missing	-	auto-generated
tracing-futures/src/lib.rs::struct::WithDispatch	struct	missing	-	auto-generated
tracing-futures/src/lib.rs::test::future_enter_exit_is_reasonable	test	missing	-	auto-generated
tracing-futures/src/lib.rs::test::future_error_ends_span	test	missing	-	auto-generated
tracing-futures/src/lib.rs::test::sink_enter_exit_is_reasonable	test	missing	-	auto-generated
tracing-futures/src/lib.rs::test::stream_enter_exit_is_reasonable	test	missing	-	auto-generated
tracing-futures/src/lib.rs::trait::Instrument	trait	missing	-	auto-generated
tracing-futures/src/lib.rs::trait::WithSubscriber	trait	missing	-	auto-generated
tracing-futures/tests/std_future.rs::test::enter_exit_is_reasonable	test	missing	-	auto-generated
tracing-futures/tests/std_future.rs::test::error_ends_span	test	missing	-	auto-generated
tracing-futures/tests/std_future.rs::test::span_on_drop	test	missing	-	auto-generated
tracing-journald/src/lib.rs::enum::Priority	enum	missing	-	auto-generated
tracing-journald/src/lib.rs::func::layer	func	missing	-	auto-generated
tracing-journald/src/lib.rs::func::new	func	missing	-	auto-generated
tracing-journald/src/lib.rs::func::syslog_identifier	func	missing	-	auto-generated
tracing-journald/src/lib.rs::func::with_field_prefix	func	missing	-	auto-generated
tracing-journald/src/lib.rs::func::with_priority_mappings	func	missing	-	auto-generated
tracing-journald/src/lib.rs::func::with_syslog_identifier	func	missing	-	auto-generated
tracing-journald/src/lib.rs::method::Layer.new	method	missing	-	auto-generated
tracing-journald/src/lib.rs::method::PriorityMappings.new	method	missing	-	auto-generated
tracing-journald/src/lib.rs::struct::Layer	struct	missing	-	auto-generated
tracing-journald/src/lib.rs::struct::PriorityMappings	struct	missing	-	auto-generated
tracing-journald/src/socket.rs::test::cmsg_buffer_size_for_one_fd	test	missing	-	auto-generated
tracing-journald/tests/journal.rs::test::custom_priorities	test	missing	-	auto-generated
tracing-journald/tests/journal.rs::test::internal_null_byte	test	missing	-	auto-generated
tracing-journald/tests/journal.rs::test::journal_fields	test	missing	-	auto-generated
tracing-journald/tests/journal.rs::test::large_message	test	missing	-	auto-generated
tracing-journald/tests/journal.rs::test::multiline_message	test	missing	-	auto-generated
tracing-journald/tests/journal.rs::test::multiline_message_trailing_newline	test	missing	-	auto-generated
tracing-journald/tests/journal.rs::test::multiple_spans_metadata	test	missing	-	auto-generated
tracing-journald/tests/journal.rs::test::simple_message	test	missing	-	auto-generated
tracing-journald/tests/journal.rs::test::simple_metadata	test	missing	-	auto-generated
tracing-journald/tests/journal.rs::test::span_metadata	test	missing	-	auto-generated
tracing-journald/tests/journal.rs::test::spans_field_collision	test	missing	-	auto-generated
tracing-log/src/interest_cache.rs::func::with_lru_cache_size	func	missing	-	auto-generated
tracing-log/src/interest_cache.rs::func::with_min_verbosity	func	missing	-	auto-generated
tracing-log/src/interest_cache.rs::method::InterestCacheConfig.with_min_verbosity	method	missing	-	auto-generated
tracing-log/src/interest_cache.rs::struct::InterestCacheConfig	struct	missing	-	auto-generated
tracing-log/src/interest_cache.rs::test::test_cache_handles_non_static_target_string	test	missing	-	auto-generated
tracing-log/src/interest_cache.rs::test::test_cache_returns_previously_computed_value	test	missing	-	auto-generated
tracing-log/src/interest_cache.rs::test::test_different_log_levels_are_cached_separately	test	missing	-	auto-generated
tracing-log/src/interest_cache.rs::test::test_different_log_targets_are_cached_separately	test	missing	-	auto-generated
tracing-log/src/interest_cache.rs::test::test_when_cache_runs_out_of_space_the_callback_is_called_again	test	missing	-	auto-generated
tracing-log/src/interest_cache.rs::test::test_when_core_interest_cache_is_rebuilt_this_cache_is_also_flushed	test	missing	-	auto-generated
tracing-log/src/interest_cache.rs::test::test_when_disabled_the_callback_is_always_called	test	missing	-	auto-generated
tracing-log/src/interest_cache.rs::test::test_when_enabled_the_callback_is_always_called_for_a_low_enough_verbosity	test	missing	-	auto-generated
tracing-log/src/interest_cache.rs::test::test_when_enabled_the_callback_is_called_only_once_for_a_high_enough_verbosity	test	missing	-	auto-generated
tracing-log/src/lib.rs::func::format_trace	func	missing	-	auto-generated
tracing-log/src/lib.rs::test::debug_callsite_is_correct	test	missing	-	auto-generated
tracing-log/src/lib.rs::test::error_callsite_is_correct	test	missing	-	auto-generated
tracing-log/src/lib.rs::test::info_callsite_is_correct	test	missing	-	auto-generated
tracing-log/src/lib.rs::test::trace_callsite_is_correct	test	missing	-	auto-generated
tracing-log/src/lib.rs::test::warn_callsite_is_correct	test	missing	-	auto-generated
tracing-log/src/lib.rs::trait::AsLog	trait	missing	-	auto-generated
tracing-log/src/lib.rs::trait::AsTrace	trait	missing	-	auto-generated
tracing-log/src/lib.rs::trait::NormalizeEvent	trait	missing	-	auto-generated
tracing-log/src/lib.rs::trait::Sealed	trait	missing	-	auto-generated
tracing-log/src/log_tracer.rs::func::builder	func	ported	-	auto-generated
tracing-log/src/log_tracer.rs::func::ignore_crate	func	ported	-	auto-generated
tracing-log/src/log_tracer.rs::func::init	func	missing	-	auto-generated
tracing-log/src/log_tracer.rs::func::init_with_filter	func	missing	-	auto-generated
tracing-log/src/log_tracer.rs::func::new	func	ported	-	auto-generated
tracing-log/src/log_tracer.rs::func::with_interest_cache	func	missing	-	auto-generated
tracing-log/src/log_tracer.rs::func::with_max_level	func	missing	-	auto-generated
tracing-log/src/log_tracer.rs::method::Builder.new	method	ported	-	auto-generated
tracing-log/src/log_tracer.rs::method::LogTracer.builder	method	ported	-	auto-generated
tracing-log/src/log_tracer.rs::struct::Builder	struct	missing	-	auto-generated
tracing-log/src/log_tracer.rs::struct::LogTracer	struct	missing	-	auto-generated
tracing-log/tests/log_tracer.rs::test::normalized_metadata	test	missing	-	auto-generated
tracing-log/tests/reexport_log_crate.rs::test::can_initialize_log_tracer_with_level	test	missing	-	auto-generated
tracing-mock/src/ancestry.rs::enum::ExpectedAncestry	enum	missing	-	auto-generated
tracing-mock/src/event.rs::func::at_level	func	missing	-	auto-generated
tracing-mock/src/event.rs::func::in_scope	func	missing	-	auto-generated
tracing-mock/src/event.rs::func::with_ancestry	func	missing	-	auto-generated
tracing-mock/src/event.rs::struct::ExpectedEvent	struct	missing	-	auto-generated
tracing-mock/src/expect.rs::func::event	func	missing	-	auto-generated
tracing-mock/src/expect.rs::func::id	func	missing	-	auto-generated
tracing-mock/src/expect.rs::func::is_contextual_root	func	missing	-	auto-generated
tracing-mock/src/expect.rs::func::is_explicit_root	func	missing	-	auto-generated
tracing-mock/src/expect.rs::func::msg	func	missing	-	auto-generated
tracing-mock/src/expect.rs::func::span	func	missing	-	auto-generated
tracing-mock/src/field.rs::func::and	func	missing	-	auto-generated
tracing-mock/src/field.rs::func::only	func	missing	-	auto-generated
tracing-mock/src/field.rs::func::with_value	func	missing	-	auto-generated
tracing-mock/src/field.rs::method::ExpectedField.with_value	method	missing	-	auto-generated
tracing-mock/src/field.rs::method::ExpectedFields.and	method	missing	-	auto-generated
tracing-mock/src/field.rs::struct::ExpectedField	struct	missing	-	auto-generated
tracing-mock/src/field.rs::struct::ExpectedFields	struct	missing	-	auto-generated
tracing-mock/src/layer.rs::func::event	func	missing	-	auto-generated
tracing-mock/src/layer.rs::func::mock	func	missing	-	auto-generated
tracing-mock/src/layer.rs::func::named	func	missing	-	auto-generated
tracing-mock/src/layer.rs::func::on_register_dispatch	func	missing	-	auto-generated
tracing-mock/src/layer.rs::func::only	func	missing	-	auto-generated
tracing-mock/src/layer.rs::func::run	func	missing	-	auto-generated
tracing-mock/src/layer.rs::func::run_with_handle	func	missing	-	auto-generated
tracing-mock/src/layer.rs::method::MockLayerBuilder.named	method	missing	-	auto-generated
tracing-mock/src/layer.rs::struct::MockLayer	struct	missing	-	auto-generated
tracing-mock/src/layer.rs::struct::MockLayerBuilder	struct	missing	-	auto-generated
tracing-mock/src/span.rs::func::at_level	func	missing	-	auto-generated
tracing-mock/src/span.rs::func::with_ancestry	func	missing	-	auto-generated
tracing-mock/src/span.rs::func::with_id	func	missing	-	auto-generated
tracing-mock/src/span.rs::method::NewSpan.with_ancestry	method	missing	-	auto-generated
tracing-mock/src/span.rs::struct::ExpectedId	struct	missing	-	auto-generated
tracing-mock/src/span.rs::struct::ExpectedSpan	struct	missing	-	auto-generated
tracing-mock/src/span.rs::struct::NewSpan	struct	missing	-	auto-generated
tracing-mock/src/subscriber.rs::func::assert_finished	func	missing	-	auto-generated
tracing-mock/src/subscriber.rs::func::event	func	missing	-	auto-generated
tracing-mock/src/subscriber.rs::func::mock	func	missing	-	auto-generated
tracing-mock/src/subscriber.rs::func::named	func	missing	-	auto-generated
tracing-mock/src/subscriber.rs::func::on_register_dispatch	func	missing	-	auto-generated
tracing-mock/src/subscriber.rs::func::only	func	missing	-	auto-generated
tracing-mock/src/subscriber.rs::func::run	func	missing	-	auto-generated
tracing-mock/src/subscriber.rs::func::run_with_handle	func	missing	-	auto-generated
tracing-mock/src/subscriber.rs::func::with_max_level_hint	func	missing	-	auto-generated
tracing-mock/src/subscriber.rs::method::MockSubscriber.named	method	missing	-	auto-generated
tracing-mock/src/subscriber.rs::struct::MockHandle	struct	missing	-	auto-generated
tracing-mock/src/subscriber.rs::struct::MockSubscriber	struct	missing	-	auto-generated
tracing-mock/tests/event_ancestry.rs::test::contextual_parent	test	missing	-	auto-generated
tracing-mock/tests/event_ancestry.rs::test::contextual_parent_wrong_id	test	missing	-	auto-generated
tracing-mock/tests/event_ancestry.rs::test::contextual_parent_wrong_level	test	missing	-	auto-generated
tracing-mock/tests/event_ancestry.rs::test::contextual_parent_wrong_name	test	missing	-	auto-generated
tracing-mock/tests/event_ancestry.rs::test::contextual_root	test	missing	-	auto-generated
tracing-mock/tests/event_ancestry.rs::test::expect_contextual_parent_actual_contextual_root	test	missing	-	auto-generated
tracing-mock/tests/event_ancestry.rs::test::expect_contextual_parent_actual_explicit_parent	test	missing	-	auto-generated
tracing-mock/tests/event_ancestry.rs::test::expect_contextual_parent_actual_explicit_root	test	missing	-	auto-generated
tracing-mock/tests/event_ancestry.rs::test::expect_contextual_root_actual_contextual_parent	test	missing	-	auto-generated
tracing-mock/tests/event_ancestry.rs::test::expect_contextual_root_actual_explicit_parent	test	missing	-	auto-generated
tracing-mock/tests/event_ancestry.rs::test::expect_contextual_root_actual_explicit_root	test	missing	-	auto-generated
tracing-mock/tests/event_ancestry.rs::test::expect_explicit_parent_actual_contextual_parent	test	missing	-	auto-generated
tracing-mock/tests/event_ancestry.rs::test::expect_explicit_parent_actual_contextual_root	test	missing	-	auto-generated
tracing-mock/tests/event_ancestry.rs::test::expect_explicit_parent_actual_explicit_root	test	missing	-	auto-generated
tracing-mock/tests/event_ancestry.rs::test::expect_explicit_root_actual_contextual_parent	test	missing	-	auto-generated
tracing-mock/tests/event_ancestry.rs::test::expect_explicit_root_actual_contextual_root	test	missing	-	auto-generated
tracing-mock/tests/event_ancestry.rs::test::expect_explicit_root_actual_explicit_parent	test	missing	-	auto-generated
tracing-mock/tests/event_ancestry.rs::test::explicit_and_contextual_root_is_explicit	test	missing	-	auto-generated
tracing-mock/tests/event_ancestry.rs::test::explicit_parent	test	missing	-	auto-generated
tracing-mock/tests/event_ancestry.rs::test::explicit_parent_wrong_id	test	missing	-	auto-generated
tracing-mock/tests/event_ancestry.rs::test::explicit_parent_wrong_level	test	missing	-	auto-generated
tracing-mock/tests/event_ancestry.rs::test::explicit_parent_wrong_name	test	missing	-	auto-generated
tracing-mock/tests/event_ancestry.rs::test::explicit_root	test	missing	-	auto-generated
tracing-mock/tests/on_register_dispatch.rs::test::layer_multiple_expectations	test	missing	-	auto-generated
tracing-mock/tests/on_register_dispatch.rs::test::layer_on_register_dispatch	test	missing	-	auto-generated
tracing-mock/tests/on_register_dispatch.rs::test::layer_on_register_dispatch_not_propagated	test	missing	-	auto-generated
tracing-mock/tests/on_register_dispatch.rs::test::subscriber_multiple_expectations	test	missing	-	auto-generated
tracing-mock/tests/on_register_dispatch.rs::test::subscriber_on_register_dispatch	test	missing	-	auto-generated
tracing-mock/tests/span_ancestry.rs::test::contextual_parent	test	missing	-	auto-generated
tracing-mock/tests/span_ancestry.rs::test::contextual_parent_wrong_id	test	missing	-	auto-generated
tracing-mock/tests/span_ancestry.rs::test::contextual_parent_wrong_level	test	missing	-	auto-generated
tracing-mock/tests/span_ancestry.rs::test::contextual_parent_wrong_name	test	missing	-	auto-generated
tracing-mock/tests/span_ancestry.rs::test::contextual_root	test	missing	-	auto-generated
tracing-mock/tests/span_ancestry.rs::test::expect_contextual_parent_actual_contextual_root	test	missing	-	auto-generated
tracing-mock/tests/span_ancestry.rs::test::expect_contextual_parent_actual_explicit_parent	test	missing	-	auto-generated
tracing-mock/tests/span_ancestry.rs::test::expect_contextual_parent_actual_explicit_root	test	missing	-	auto-generated
tracing-mock/tests/span_ancestry.rs::test::expect_contextual_root_actual_contextual_parent	test	missing	-	auto-generated
tracing-mock/tests/span_ancestry.rs::test::expect_contextual_root_actual_explicit_parent	test	missing	-	auto-generated
tracing-mock/tests/span_ancestry.rs::test::expect_contextual_root_actual_explicit_root	test	missing	-	auto-generated
tracing-mock/tests/span_ancestry.rs::test::expect_explicit_parent_actual_contextual_parent	test	missing	-	auto-generated
tracing-mock/tests/span_ancestry.rs::test::expect_explicit_parent_actual_contextual_root	test	missing	-	auto-generated
tracing-mock/tests/span_ancestry.rs::test::expect_explicit_parent_actual_explicit_root	test	missing	-	auto-generated
tracing-mock/tests/span_ancestry.rs::test::expect_explicit_root_actual_contextual_parent	test	missing	-	auto-generated
tracing-mock/tests/span_ancestry.rs::test::expect_explicit_root_actual_contextual_root	test	missing	-	auto-generated
tracing-mock/tests/span_ancestry.rs::test::expect_explicit_root_actual_explicit_parent	test	missing	-	auto-generated
tracing-mock/tests/span_ancestry.rs::test::explicit_and_contextual_root_is_explicit	test	missing	-	auto-generated
tracing-mock/tests/span_ancestry.rs::test::explicit_parent	test	missing	-	auto-generated
tracing-mock/tests/span_ancestry.rs::test::explicit_parent_wrong_id	test	missing	-	auto-generated
tracing-mock/tests/span_ancestry.rs::test::explicit_parent_wrong_level	test	missing	-	auto-generated
tracing-mock/tests/span_ancestry.rs::test::explicit_parent_wrong_name	test	missing	-	auto-generated
tracing-mock/tests/span_ancestry.rs::test::explicit_root	test	missing	-	auto-generated
tracing-serde/src/fields.rs::struct::SerializeFieldMap	struct	missing	-	auto-generated
tracing-serde/src/fields.rs::trait::AsMap	trait	missing	-	auto-generated
tracing-serde/src/lib.rs::func::finish	func	missing	-	auto-generated
tracing-serde/src/lib.rs::func::new	func	missing	-	auto-generated
tracing-serde/src/lib.rs::func::take_serializer	func	missing	-	auto-generated
tracing-serde/src/lib.rs::method::SerdeMapVisitor.new	method	missing	-	auto-generated
tracing-serde/src/lib.rs::method::SerdeStructVisitor.finish	method	missing	-	auto-generated
tracing-serde/src/lib.rs::struct::SerdeMapVisitor	struct	missing	-	auto-generated
tracing-serde/src/lib.rs::struct::SerdeStructVisitor	struct	missing	-	auto-generated
tracing-serde/src/lib.rs::struct::SerializeAttributes	struct	missing	-	auto-generated
tracing-serde/src/lib.rs::struct::SerializeEvent	struct	missing	-	auto-generated
tracing-serde/src/lib.rs::struct::SerializeField	struct	missing	-	auto-generated
tracing-serde/src/lib.rs::struct::SerializeFieldSet	struct	missing	-	auto-generated
tracing-serde/src/lib.rs::struct::SerializeId	struct	missing	-	auto-generated
tracing-serde/src/lib.rs::struct::SerializeLevel	struct	missing	-	auto-generated
tracing-serde/src/lib.rs::struct::SerializeMetadata	struct	missing	-	auto-generated
tracing-serde/src/lib.rs::struct::SerializeRecord	struct	missing	-	auto-generated
tracing-serde/src/lib.rs::trait::AsSerde	trait	missing	-	auto-generated
tracing-serde/src/lib.rs::trait::Sealed	trait	missing	-	auto-generated
tracing-subscriber/src/field/debug.rs::func::new	func	missing	-	auto-generated
tracing-subscriber/src/field/debug.rs::method::Alt.new	method	missing	-	auto-generated
tracing-subscriber/src/field/debug.rs::struct::Alt	struct	missing	-	auto-generated
tracing-subscriber/src/field/delimited.rs::func::new	func	missing	-	auto-generated
tracing-subscriber/src/field/delimited.rs::method::Delimited.new	method	missing	-	auto-generated
tracing-subscriber/src/field/delimited.rs::method::VisitDelimited.new	method	missing	-	auto-generated
tracing-subscriber/src/field/delimited.rs::struct::Delimited	struct	missing	-	auto-generated
tracing-subscriber/src/field/delimited.rs::struct::VisitDelimited	struct	missing	-	auto-generated
tracing-subscriber/src/field/delimited.rs::test::delimited_new_visitor	test	missing	-	auto-generated
tracing-subscriber/src/field/delimited.rs::test::delimited_visitor	test	missing	-	auto-generated
tracing-subscriber/src/field/display.rs::func::new	func	missing	-	auto-generated
tracing-subscriber/src/field/display.rs::method::Messages.new	method	missing	-	auto-generated
tracing-subscriber/src/field/display.rs::struct::Messages	struct	missing	-	auto-generated
tracing-subscriber/src/field/mod.rs::struct::MakeExtMarker	struct	missing	-	auto-generated
tracing-subscriber/src/field/mod.rs::struct::RecordFieldsMarker	struct	missing	-	auto-generated
tracing-subscriber/src/field/mod.rs::trait::MakeExt	trait	missing	-	auto-generated
tracing-subscriber/src/field/mod.rs::trait::MakeOutput	trait	missing	-	auto-generated
tracing-subscriber/src/field/mod.rs::trait::MakeVisitor	trait	missing	-	auto-generated
tracing-subscriber/src/field/mod.rs::trait::RecordFields	trait	missing	-	auto-generated
tracing-subscriber/src/field/mod.rs::trait::VisitFmt	trait	missing	-	auto-generated
tracing-subscriber/src/field/mod.rs::trait::VisitOutput	trait	missing	-	auto-generated
tracing-subscriber/src/field/mod.rs::trait::VisitWrite	trait	missing	-	auto-generated
tracing-subscriber/src/filter/directive.rs::struct::ParseError	struct	missing	-	auto-generated
tracing-subscriber/src/filter/env/builder.rs::func::from_env	func	missing	-	auto-generated
tracing-subscriber/src/filter/env/builder.rs::func::from_env_lossy	func	missing	-	auto-generated
tracing-subscriber/src/filter/env/builder.rs::func::try_from_env	func	missing	-	auto-generated
tracing-subscriber/src/filter/env/builder.rs::func::with_default_directive	func	missing	-	auto-generated
tracing-subscriber/src/filter/env/builder.rs::func::with_env_var	func	missing	-	auto-generated
tracing-subscriber/src/filter/env/builder.rs::func::with_regex	func	missing	-	auto-generated
tracing-subscriber/src/filter/env/builder.rs::method::Builder.with_regex	method	missing	-	auto-generated
tracing-subscriber/src/filter/env/builder.rs::struct::Builder	struct	missing	-	auto-generated
tracing-subscriber/src/filter/env/directive.rs::struct::Directive	struct	missing	-	auto-generated
tracing-subscriber/src/filter/env/directive.rs::test::directive_ordering_by_field_num	test	missing	-	auto-generated
tracing-subscriber/src/filter/env/directive.rs::test::directive_ordering_by_span	test	missing	-	auto-generated
tracing-subscriber/src/filter/env/directive.rs::test::directive_ordering_by_target_len	test	missing	-	auto-generated
tracing-subscriber/src/filter/env/directive.rs::test::directive_ordering_uses_lexicographic_when_equal	test	missing	-	auto-generated
tracing-subscriber/src/filter/env/directive.rs::test::parse_directives_empty_level	test	missing	-	auto-generated
tracing-subscriber/src/filter/env/directive.rs::test::parse_directives_global	test	missing	-	auto-generated
tracing-subscriber/src/filter/env/directive.rs::test::parse_directives_global_bare_warn_lc	test	missing	-	auto-generated
tracing-subscriber/src/filter/env/directive.rs::test::parse_directives_global_bare_warn_mixed	test	missing	-	auto-generated
tracing-subscriber/src/filter/env/directive.rs::test::parse_directives_global_bare_warn_uc	test	missing	-	auto-generated
tracing-subscriber/src/filter/env/directive.rs::test::parse_directives_invalid_crate	test	missing	-	auto-generated
tracing-subscriber/src/filter/env/directive.rs::test::parse_directives_invalid_level	test	missing	-	auto-generated
tracing-subscriber/src/filter/env/directive.rs::test::parse_directives_ralith	test	missing	-	auto-generated
tracing-subscriber/src/filter/env/directive.rs::test::parse_directives_ralith_mixed	test	missing	-	auto-generated
tracing-subscriber/src/filter/env/directive.rs::test::parse_directives_ralith_uc	test	missing	-	auto-generated
tracing-subscriber/src/filter/env/directive.rs::test::parse_directives_string_level	test	missing	-	auto-generated
tracing-subscriber/src/filter/env/directive.rs::test::parse_directives_valid	test	missing	-	auto-generated
tracing-subscriber/src/filter/env/directive.rs::test::parse_directives_valid_with_spans	test	missing	-	auto-generated
tracing-subscriber/src/filter/env/directive.rs::test::parse_directives_with_dash_in_span_name	test	missing	-	auto-generated
tracing-subscriber/src/filter/env/directive.rs::test::parse_directives_with_dash_in_target_name	test	missing	-	auto-generated
tracing-subscriber/src/filter/env/directive.rs::test::parse_directives_with_invalid_span_chars	test	missing	-	auto-generated
tracing-subscriber/src/filter/env/directive.rs::test::parse_directives_with_special_characters_in_span_name	test	missing	-	auto-generated
tracing-subscriber/src/filter/env/directive.rs::test::parse_level_directives	test	missing	-	auto-generated
tracing-subscriber/src/filter/env/directive.rs::test::parse_numeric_level_directives	test	missing	-	auto-generated
tracing-subscriber/src/filter/env/directive.rs::test::parse_uppercase_level_directives	test	missing	-	auto-generated
tracing-subscriber/src/filter/env/field.rs::struct::BadName	struct	missing	-	auto-generated
tracing-subscriber/src/filter/env/field.rs::test::debug_struct_match	test	missing	-	auto-generated
tracing-subscriber/src/filter/env/field.rs::test::debug_struct_not_match	test	missing	-	auto-generated
tracing-subscriber/src/filter/env/mod.rs::const::DEFAULT_ENV	const	missing	-	auto-generated
tracing-subscriber/src/filter/env/mod.rs::func::add_directive	func	missing	-	auto-generated
tracing-subscriber/src/filter/env/mod.rs::func::builder	func	missing	-	auto-generated
tracing-subscriber/src/filter/env/mod.rs::func::from_default_env	func	missing	-	auto-generated
tracing-subscriber/src/filter/env/mod.rs::func::max_level_hint	func	missing	-	auto-generated
tracing-subscriber/src/filter/env/mod.rs::func::try_from_default_env	func	missing	-	auto-generated
tracing-subscriber/src/filter/env/mod.rs::method::EnvFilter.builder	method	missing	-	auto-generated
tracing-subscriber/src/filter/env/mod.rs::struct::EnvFilter	struct	missing	-	auto-generated
tracing-subscriber/src/filter/env/mod.rs::struct::FromEnvError	struct	missing	-	auto-generated
tracing-subscriber/src/filter/env/mod.rs::test::callsite_enabled_includes_span_directive	test	missing	-	auto-generated
tracing-subscriber/src/filter/env/mod.rs::test::callsite_enabled_includes_span_directive_field	test	missing	-	auto-generated
tracing-subscriber/src/filter/env/mod.rs::test::callsite_enabled_includes_span_directive_multiple_fields	test	missing	-	auto-generated
tracing-subscriber/src/filter/env/mod.rs::test::callsite_enabled_no_span_directive	test	missing	-	auto-generated
tracing-subscriber/src/filter/env/mod.rs::test::callsite_off	test	missing	-	auto-generated
tracing-subscriber/src/filter/env/mod.rs::test::parse_empty_string	test	missing	-	auto-generated
tracing-subscriber/src/filter/env/mod.rs::test::roundtrip	test	missing	-	auto-generated
tracing-subscriber/src/filter/env/mod.rs::test::size_of_filters	test	missing	-	auto-generated
tracing-subscriber/src/filter/filter_fn.rs::func::new	func	missing	-	auto-generated
tracing-subscriber/src/filter/filter_fn.rs::func::with_max_level_hint	func	missing	-	auto-generated
tracing-subscriber/src/filter/filter_fn.rs::method::DynFilterFn.new	method	missing	-	auto-generated
tracing-subscriber/src/filter/filter_fn.rs::method::DynFilterFn.with_max_level_hint	method	missing	-	auto-generated
tracing-subscriber/src/filter/filter_fn.rs::method::FilterFn.new	method	missing	-	auto-generated
tracing-subscriber/src/filter/filter_fn.rs::struct::DynFilterFn	struct	missing	-	auto-generated
tracing-subscriber/src/filter/filter_fn.rs::struct::FilterFn	struct	missing	-	auto-generated
tracing-subscriber/src/filter/layer_filters/combinator.rs::struct::And	struct	ported	src/tracing/subscriber/filter_ext.cr	-
tracing-subscriber/src/filter/layer_filters/combinator.rs::struct::Not	struct	ported	src/tracing/subscriber/filter_ext.cr	-
tracing-subscriber/src/filter/layer_filters/combinator.rs::struct::Or	struct	ported	src/tracing/subscriber/filter_ext.cr	-
tracing-subscriber/src/filter/layer_filters/mod.rs::func::filter	func	missing	-	auto-generated
tracing-subscriber/src/filter/layer_filters/mod.rs::func::filter_mut	func	missing	-	auto-generated
tracing-subscriber/src/filter/layer_filters/mod.rs::func::inner	func	missing	-	auto-generated
tracing-subscriber/src/filter/layer_filters/mod.rs::func::inner_mut	func	missing	-	auto-generated
tracing-subscriber/src/filter/layer_filters/mod.rs::func::new	func	missing	-	auto-generated
tracing-subscriber/src/filter/layer_filters/mod.rs::method::Filtered.new	method	missing	-	auto-generated
tracing-subscriber/src/filter/layer_filters/mod.rs::struct::FilterId	struct	missing	-	auto-generated
tracing-subscriber/src/filter/layer_filters/mod.rs::struct::Filtered	struct	missing	-	auto-generated
tracing-subscriber/src/filter/layer_filters/mod.rs::trait::FilterExt	trait	ported	src/tracing/subscriber/filter_ext.cr	Layer#and / #or / #not
tracing-subscriber/src/filter/targets.rs::func::default_level	func	ported	src/tracing/subscriber/targets.cr	-
tracing-subscriber/src/filter/targets.rs::func::iter	func	ported	src/tracing/subscriber/targets.cr	returns a lazy Iterator
tracing-subscriber/src/filter/targets.rs::func::new	func	ported	src/tracing/subscriber/targets.cr	-
tracing-subscriber/src/filter/targets.rs::func::with_default	func	ported	src/tracing/subscriber/targets.cr	-
tracing-subscriber/src/filter/targets.rs::func::with_target	func	ported	src/tracing/subscriber/targets.cr	-
tracing-subscriber/src/filter/targets.rs::func::would_enable	func	ported	src/tracing/subscriber/targets.cr	-
tracing-subscriber/src/filter/targets.rs::method::Targets.new	method	ported	src/tracing/subscriber/targets.cr	-
tracing-subscriber/src/filter/targets.rs::struct::IntoIter	struct	skipped	-	Crystal #iter returns one lazy Iterator; no separate owning iterator
tracing-subscriber/src/filter/targets.rs::struct::Iter	struct	skipped	-	Crystal #iter returns one lazy Iterator; no separate borrowing iterator
tracing-subscriber/src/filter/targets.rs::struct::Targets	struct	ported	src/tracing/subscriber/targets.cr	-
tracing-subscriber/src/filter/targets.rs::test::display_roundtrips	test	ported	spec/targets_parse_spec.cr	-
tracing-subscriber/src/filter/targets.rs::test::expect_parse_valid	test	ported	spec/targets_parse_spec.cr	-
tracing-subscriber/src/filter/targets.rs::test::parse_level_directives	test	ported	spec/targets_parse_spec.cr	-
tracing-subscriber/src/filter/targets.rs::test::parse_numeric_level_directives	test	ported	spec/targets_parse_spec.cr	-
tracing-subscriber/src/filter/targets.rs::test::parse_ralith	test	ported	spec/targets_parse_spec.cr	-
tracing-subscriber/src/filter/targets.rs::test::parse_ralith_mixed	test	ported	spec/targets_parse_spec.cr	-
tracing-subscriber/src/filter/targets.rs::test::parse_ralith_uc	test	ported	spec/targets_parse_spec.cr	-
tracing-subscriber/src/filter/targets.rs::test::parse_uppercase_level_directives	test	ported	spec/targets_parse_spec.cr	-
tracing-subscriber/src/filter/targets.rs::test::size_of_filters	test	skipped	-	Rust size_of_val test; not applicable to Crystal
tracing-subscriber/src/filter/targets.rs::test::targets_default_level	test	ported	spec/targets_parse_spec.cr	-
tracing-subscriber/src/filter/targets.rs::test::targets_into_iter	test	ported	spec/targets_parse_spec.cr	covered by iter spec (Array)
tracing-subscriber/src/filter/targets.rs::test::targets_iter	test	ported	spec/targets_parse_spec.cr	-
tracing-subscriber/src/fmt/fmt_layer.rs::func::as_writer	func	missing	-	auto-generated
tracing-subscriber/src/fmt/fmt_layer.rs::func::compact	func	missing	-	auto-generated
tracing-subscriber/src/fmt/fmt_layer.rs::func::current_span	func	missing	-	auto-generated
tracing-subscriber/src/fmt/fmt_layer.rs::func::event_scope	func	missing	-	auto-generated
tracing-subscriber/src/fmt/fmt_layer.rs::func::exists	func	missing	-	auto-generated
tracing-subscriber/src/fmt/fmt_layer.rs::func::field_format	func	missing	-	auto-generated
tracing-subscriber/src/fmt/fmt_layer.rs::func::flatten_event	func	missing	-	auto-generated
tracing-subscriber/src/fmt/fmt_layer.rs::func::json	func	missing	-	auto-generated
tracing-subscriber/src/fmt/fmt_layer.rs::func::log_internal_errors	func	missing	-	auto-generated
tracing-subscriber/src/fmt/fmt_layer.rs::func::lookup_current	func	missing	-	auto-generated
tracing-subscriber/src/fmt/fmt_layer.rs::func::metadata	func	missing	-	auto-generated
tracing-subscriber/src/fmt/fmt_layer.rs::func::new	func	missing	-	auto-generated
tracing-subscriber/src/fmt/fmt_layer.rs::func::parent_span	func	missing	-	auto-generated
tracing-subscriber/src/fmt/fmt_layer.rs::func::pretty	func	missing	-	auto-generated
tracing-subscriber/src/fmt/fmt_layer.rs::func::set_ansi	func	missing	-	auto-generated
tracing-subscriber/src/fmt/fmt_layer.rs::func::set_span_events	func	missing	-	auto-generated
tracing-subscriber/src/fmt/fmt_layer.rs::func::span	func	missing	-	auto-generated
tracing-subscriber/src/fmt/fmt_layer.rs::func::span_scope	func	missing	-	auto-generated
tracing-subscriber/src/fmt/fmt_layer.rs::func::with_ansi	func	missing	-	auto-generated
tracing-subscriber/src/fmt/fmt_layer.rs::func::with_current_span	func	missing	-	auto-generated
tracing-subscriber/src/fmt/fmt_layer.rs::func::with_file	func	missing	-	auto-generated
tracing-subscriber/src/fmt/fmt_layer.rs::func::with_level	func	missing	-	auto-generated
tracing-subscriber/src/fmt/fmt_layer.rs::func::with_line_number	func	missing	-	auto-generated
tracing-subscriber/src/fmt/fmt_layer.rs::func::with_span_events	func	missing	-	auto-generated
tracing-subscriber/src/fmt/fmt_layer.rs::func::with_span_list	func	missing	-	auto-generated
tracing-subscriber/src/fmt/fmt_layer.rs::func::with_target	func	missing	-	auto-generated
tracing-subscriber/src/fmt/fmt_layer.rs::func::with_test_writer	func	ported	src/tracing/subscriber/fmt.cr	FmtLayer#with_test_writer (instance + class method)
tracing-subscriber/src/fmt/fmt_layer.rs::func::with_thread_ids	func	ported	src/tracing/subscriber/fmt.cr	FmtLayer#with_thread_ids (fiber id)
tracing-subscriber/src/fmt/fmt_layer.rs::func::with_thread_names	func	ported	src/tracing/subscriber/fmt.cr	FmtLayer#with_thread_names (fiber name)
tracing-subscriber/src/fmt/fmt_layer.rs::func::without_time	func	ported	src/tracing/subscriber/fmt.cr	FmtLayer#without_time
tracing-subscriber/src/fmt/fmt_layer.rs::func::writer	func	missing	-	auto-generated
tracing-subscriber/src/fmt/fmt_layer.rs::func::writer_mut	func	missing	-	auto-generated
tracing-subscriber/src/fmt/fmt_layer.rs::method::FormattedFields.new	method	missing	-	auto-generated
tracing-subscriber/src/fmt/fmt_layer.rs::method::Layer.flatten_event	method	missing	-	auto-generated
tracing-subscriber/src/fmt/fmt_layer.rs::method::Layer.new	method	missing	-	auto-generated
tracing-subscriber/src/fmt/fmt_layer.rs::struct::FmtContext	struct	missing	-	auto-generated
tracing-subscriber/src/fmt/fmt_layer.rs::struct::FormattedFields	struct	missing	-	auto-generated
tracing-subscriber/src/fmt/fmt_layer.rs::struct::Layer	struct	missing	-	auto-generated
tracing-subscriber/src/fmt/fmt_layer.rs::test::fmt_layer_downcasts	test	missing	-	auto-generated
tracing-subscriber/src/fmt/fmt_layer.rs::test::fmt_layer_downcasts_to_parts	test	missing	-	auto-generated
tracing-subscriber/src/fmt/fmt_layer.rs::test::format_error_ignore_if_log_internal_errors_is_false	test	missing	-	auto-generated
tracing-subscriber/src/fmt/fmt_layer.rs::test::format_error_print_to_stderr	test	missing	-	auto-generated
tracing-subscriber/src/fmt/fmt_layer.rs::test::impls	test	missing	-	auto-generated
tracing-subscriber/src/fmt/fmt_layer.rs::test::is_lookup_span	test	missing	-	auto-generated
tracing-subscriber/src/fmt/fmt_layer.rs::test::layer_no_color	test	missing	-	auto-generated
tracing-subscriber/src/fmt/fmt_layer.rs::test::make_writer_based_on_meta	test	missing	-	auto-generated
tracing-subscriber/src/fmt/fmt_layer.rs::test::modify_span_events	test	missing	-	auto-generated
tracing-subscriber/src/fmt/fmt_layer.rs::test::synthesize_span_active	test	missing	-	auto-generated
tracing-subscriber/src/fmt/fmt_layer.rs::test::synthesize_span_close	test	missing	-	auto-generated
tracing-subscriber/src/fmt/fmt_layer.rs::test::synthesize_span_close_no_timing	test	missing	-	auto-generated
tracing-subscriber/src/fmt/fmt_layer.rs::test::synthesize_span_full	test	missing	-	auto-generated
tracing-subscriber/src/fmt/fmt_layer.rs::test::synthesize_span_none	test	missing	-	auto-generated
tracing-subscriber/src/fmt/format/json.rs::func::flatten_event	func	missing	-	auto-generated
tracing-subscriber/src/fmt/format/json.rs::func::new	func	missing	-	auto-generated
tracing-subscriber/src/fmt/format/json.rs::func::with_current_span	func	missing	-	auto-generated
tracing-subscriber/src/fmt/format/json.rs::func::with_span_list	func	missing	-	auto-generated
tracing-subscriber/src/fmt/format/json.rs::method::Json.flatten_event	method	missing	-	auto-generated
tracing-subscriber/src/fmt/format/json.rs::method::JsonFields.new	method	missing	-	auto-generated
tracing-subscriber/src/fmt/format/json.rs::method::JsonVisitor.new	method	missing	-	auto-generated
tracing-subscriber/src/fmt/format/json.rs::struct::Json	struct	missing	-	auto-generated
tracing-subscriber/src/fmt/format/json.rs::struct::JsonFields	struct	missing	-	auto-generated
tracing-subscriber/src/fmt/format/json.rs::struct::JsonVisitor	struct	missing	-	auto-generated
tracing-subscriber/src/fmt/format/json.rs::test::json	test	missing	-	auto-generated
tracing-subscriber/src/fmt/format/json.rs::test::json_disabled_current_span_event	test	missing	-	auto-generated
tracing-subscriber/src/fmt/format/json.rs::test::json_disabled_span_list_event	test	missing	-	auto-generated
tracing-subscriber/src/fmt/format/json.rs::test::json_filename	test	missing	-	auto-generated
tracing-subscriber/src/fmt/format/json.rs::test::json_flattened_event	test	missing	-	auto-generated
tracing-subscriber/src/fmt/format/json.rs::test::json_line_number	test	missing	-	auto-generated
tracing-subscriber/src/fmt/format/json.rs::test::json_nested_span	test	missing	-	auto-generated
tracing-subscriber/src/fmt/format/json.rs::test::json_no_span	test	missing	-	auto-generated
tracing-subscriber/src/fmt/format/json.rs::test::json_span_event_show_correct_context	test	missing	-	auto-generated
tracing-subscriber/src/fmt/format/json.rs::test::json_span_event_with_no_fields	test	missing	-	auto-generated
tracing-subscriber/src/fmt/format/json.rs::test::record_works	test	missing	-	auto-generated
tracing-subscriber/src/fmt/format/mod.rs::const::ACTIVE	const	missing	-	auto-generated
tracing-subscriber/src/fmt/format/mod.rs::const::CLOSE	const	missing	-	auto-generated
tracing-subscriber/src/fmt/format/mod.rs::const::ENTER	const	missing	-	auto-generated
tracing-subscriber/src/fmt/format/mod.rs::const::EXIT	const	missing	-	auto-generated
tracing-subscriber/src/fmt/format/mod.rs::const::FULL	const	missing	-	auto-generated
tracing-subscriber/src/fmt/format/mod.rs::const::NEW	const	missing	-	auto-generated
tracing-subscriber/src/fmt/format/mod.rs::const::NONE	const	missing	-	auto-generated
tracing-subscriber/src/fmt/format/mod.rs::func::by_ref	func	missing	-	auto-generated
tracing-subscriber/src/fmt/format/mod.rs::func::compact	func	missing	-	auto-generated
tracing-subscriber/src/fmt/format/mod.rs::func::flatten_event	func	missing	-	auto-generated
tracing-subscriber/src/fmt/format/mod.rs::func::format	func	missing	-	auto-generated
tracing-subscriber/src/fmt/format/mod.rs::func::has_ansi_escapes	func	missing	-	auto-generated
tracing-subscriber/src/fmt/format/mod.rs::func::json	func	missing	-	auto-generated
tracing-subscriber/src/fmt/format/mod.rs::func::new	func	missing	-	auto-generated
tracing-subscriber/src/fmt/format/mod.rs::func::pretty	func	missing	-	auto-generated
tracing-subscriber/src/fmt/format/mod.rs::func::with_ansi	func	missing	-	auto-generated
tracing-subscriber/src/fmt/format/mod.rs::func::with_current_span	func	missing	-	auto-generated
tracing-subscriber/src/fmt/format/mod.rs::func::with_file	func	missing	-	auto-generated
tracing-subscriber/src/fmt/format/mod.rs::func::with_level	func	missing	-	auto-generated
tracing-subscriber/src/fmt/format/mod.rs::func::with_line_number	func	missing	-	auto-generated
tracing-subscriber/src/fmt/format/mod.rs::func::with_source_location	func	missing	-	auto-generated
tracing-subscriber/src/fmt/format/mod.rs::func::with_span_list	func	missing	-	auto-generated
tracing-subscriber/src/fmt/format/mod.rs::func::with_target	func	missing	-	auto-generated
tracing-subscriber/src/fmt/format/mod.rs::func::with_thread_ids	func	ported	src/tracing/subscriber/fmt.cr	collapsed into FmtLayer
tracing-subscriber/src/fmt/format/mod.rs::func::with_thread_names	func	ported	src/tracing/subscriber/fmt.cr	collapsed into FmtLayer
tracing-subscriber/src/fmt/format/mod.rs::func::without_time	func	missing	-	auto-generated
tracing-subscriber/src/fmt/format/mod.rs::func::write_char	func	missing	-	auto-generated
tracing-subscriber/src/fmt/format/mod.rs::func::write_fmt	func	missing	-	auto-generated
tracing-subscriber/src/fmt/format/mod.rs::func::write_str	func	missing	-	auto-generated
tracing-subscriber/src/fmt/format/mod.rs::method::DefaultFields.new	method	missing	-	auto-generated
tracing-subscriber/src/fmt/format/mod.rs::method::DefaultVisitor.new	method	missing	-	auto-generated
tracing-subscriber/src/fmt/format/mod.rs::method::Format.compact	method	missing	-	auto-generated
tracing-subscriber/src/fmt/format/mod.rs::method::Format.flatten_event	method	missing	-	auto-generated
tracing-subscriber/src/fmt/format/mod.rs::method::Writer.new	method	missing	-	auto-generated
tracing-subscriber/src/fmt/format/mod.rs::struct::Compact	struct	missing	-	auto-generated
tracing-subscriber/src/fmt/format/mod.rs::struct::DefaultFields	struct	missing	-	auto-generated
tracing-subscriber/src/fmt/format/mod.rs::struct::DefaultVisitor	struct	missing	-	auto-generated
tracing-subscriber/src/fmt/format/mod.rs::struct::FieldFn	struct	missing	-	auto-generated
tracing-subscriber/src/fmt/format/mod.rs::struct::FieldFnVisitor	struct	missing	-	auto-generated
tracing-subscriber/src/fmt/format/mod.rs::struct::FmtSpan	struct	missing	-	auto-generated
tracing-subscriber/src/fmt/format/mod.rs::struct::Format	struct	missing	-	auto-generated
tracing-subscriber/src/fmt/format/mod.rs::struct::Full	struct	missing	-	auto-generated
tracing-subscriber/src/fmt/format/mod.rs::struct::Writer	struct	missing	-	auto-generated
tracing-subscriber/src/fmt/format/mod.rs::test::disable_everything	test	missing	-	auto-generated
tracing-subscriber/src/fmt/format/mod.rs::test::fmt_span_combinations	test	missing	-	auto-generated
tracing-subscriber/src/fmt/format/mod.rs::test::format_nanos	test	missing	-	auto-generated
tracing-subscriber/src/fmt/format/mod.rs::test::overridden_parents	test	missing	-	auto-generated
tracing-subscriber/src/fmt/format/mod.rs::test::overridden_parents_in_scope	test	missing	-	auto-generated
tracing-subscriber/src/fmt/format/mod.rs::test::pretty_default	test	missing	-	auto-generated
tracing-subscriber/src/fmt/format/mod.rs::test::with_ansi_false	test	missing	-	auto-generated
tracing-subscriber/src/fmt/format/mod.rs::test::with_ansi_true	test	missing	-	auto-generated
tracing-subscriber/src/fmt/format/mod.rs::test::with_filename	test	missing	-	auto-generated
tracing-subscriber/src/fmt/format/mod.rs::test::with_line_number	test	missing	-	auto-generated
tracing-subscriber/src/fmt/format/mod.rs::test::with_line_number_and_file_name	test	missing	-	auto-generated
tracing-subscriber/src/fmt/format/mod.rs::test::with_thread_ids	test	missing	-	auto-generated
tracing-subscriber/src/fmt/format/mod.rs::test::without_ansi	test	missing	-	auto-generated
tracing-subscriber/src/fmt/format/mod.rs::test::without_level	test	missing	-	auto-generated
tracing-subscriber/src/fmt/format/mod.rs::trait::FormatEvent	trait	missing	-	auto-generated
tracing-subscriber/src/fmt/format/mod.rs::trait::FormatFields	trait	missing	-	auto-generated
tracing-subscriber/src/fmt/format/pretty.rs::func::new	func	missing	-	auto-generated
tracing-subscriber/src/fmt/format/pretty.rs::func::with_ansi	func	missing	-	auto-generated
tracing-subscriber/src/fmt/format/pretty.rs::func::with_source_location	func	missing	-	auto-generated
tracing-subscriber/src/fmt/format/pretty.rs::method::PrettyFields.new	method	missing	-	auto-generated
tracing-subscriber/src/fmt/format/pretty.rs::method::PrettyVisitor.new	method	missing	-	auto-generated
tracing-subscriber/src/fmt/format/pretty.rs::struct::Pretty	struct	missing	-	auto-generated
tracing-subscriber/src/fmt/format/pretty.rs::struct::PrettyFields	struct	missing	-	auto-generated
tracing-subscriber/src/fmt/format/pretty.rs::struct::PrettyVisitor	struct	missing	-	auto-generated
tracing-subscriber/src/fmt/mod.rs::const::DEFAULT_MAX_LEVEL	const	missing	-	auto-generated
tracing-subscriber/src/fmt/mod.rs::func::builder	func	missing	-	auto-generated
tracing-subscriber/src/fmt/mod.rs::func::compact	func	missing	-	auto-generated
tracing-subscriber/src/fmt/mod.rs::func::finish	func	missing	-	auto-generated
tracing-subscriber/src/fmt/mod.rs::func::flatten_event	func	missing	-	auto-generated
tracing-subscriber/src/fmt/mod.rs::func::fmt	func	ported	src/tracing.cr	Tracing.fmt → FmtSubscriberBuilder
tracing-subscriber/src/fmt/mod.rs::func::init	func	ported	src/tracing/subscriber/fmt_builder.cr	FmtSubscriberBuilder#init
tracing-subscriber/src/fmt/mod.rs::func::json	func	ported	src/tracing/subscriber/fmt_builder.cr	FmtSubscriberBuilder#json
tracing-subscriber/src/fmt/mod.rs::func::log_internal_errors	func	missing	-	auto-generated
tracing-subscriber/src/fmt/mod.rs::func::new	func	missing	-	auto-generated
tracing-subscriber/src/fmt/mod.rs::func::pretty	func	missing	-	auto-generated
tracing-subscriber/src/fmt/mod.rs::func::reload_handle	func	missing	-	auto-generated
tracing-subscriber/src/fmt/mod.rs::func::try_init	func	ported	src/tracing/subscriber/fmt_builder.cr	FmtSubscriberBuilder#try_init
tracing-subscriber/src/fmt/mod.rs::func::with_ansi	func	ported	src/tracing/subscriber/fmt_builder.cr	FmtSubscriberBuilder#with_ansi
tracing-subscriber/src/fmt/mod.rs::func::with_current_span	func	missing	-	auto-generated
tracing-subscriber/src/fmt/mod.rs::func::with_env_filter	func	missing	-	auto-generated
tracing-subscriber/src/fmt/mod.rs::func::with_file	func	missing	-	auto-generated
tracing-subscriber/src/fmt/mod.rs::func::with_filter_reloading	func	missing	-	auto-generated
tracing-subscriber/src/fmt/mod.rs::func::with_level	func	ported	src/tracing/subscriber/fmt_builder.cr	FmtSubscriberBuilder#with_level (delegates)
tracing-subscriber/src/fmt/mod.rs::func::with_line_number	func	missing	-	auto-generated
tracing-subscriber/src/fmt/mod.rs::func::with_max_level	func	ported	src/tracing/subscriber/fmt_builder.cr	FmtSubscriberBuilder#with_max_level
tracing-subscriber/src/fmt/mod.rs::func::with_span_events	func	ported	src/tracing/subscriber/fmt_builder.cr	FmtSubscriberBuilder#with_span_events
tracing-subscriber/src/fmt/mod.rs::func::with_span_list	func	missing	-	auto-generated
tracing-subscriber/src/fmt/mod.rs::func::with_target	func	ported	src/tracing/subscriber/fmt_builder.cr	FmtSubscriberBuilder#with_target
tracing-subscriber/src/fmt/mod.rs::func::with_test_writer	func	missing	-	auto-generated
tracing-subscriber/src/fmt/mod.rs::func::with_thread_ids	func	ported	src/tracing/subscriber/fmt.cr	collapsed into FmtLayer
tracing-subscriber/src/fmt/mod.rs::func::with_thread_names	func	ported	src/tracing/subscriber/fmt.cr	collapsed into FmtLayer
tracing-subscriber/src/fmt/mod.rs::func::without_time	func	ported	src/tracing/subscriber/fmt_builder.cr	FmtSubscriberBuilder#without_time
tracing-subscriber/src/fmt/mod.rs::method::Subscriber.builder	method	ported	src/tracing.cr	Tracing.fmt (returns builder)
tracing-subscriber/src/fmt/mod.rs::method::SubscriberBuilder.finish	method	ported	src/tracing/subscriber/fmt_builder.cr	FmtSubscriberBuilder#finish
tracing-subscriber/src/fmt/mod.rs::method::SubscriberBuilder.flatten_event	method	missing	-	auto-generated
tracing-subscriber/src/fmt/mod.rs::method::SubscriberBuilder.reload_handle	method	missing	-	auto-generated
tracing-subscriber/src/fmt/mod.rs::method::SubscriberBuilder.with_filter_reloading	method	missing	-	auto-generated
tracing-subscriber/src/fmt/mod.rs::struct::Subscriber	struct	skipped	-	FmtSubscriberBuilder#finish returns Layered(Layered(Registry))
tracing-subscriber/src/fmt/mod.rs::struct::SubscriberBuilder	struct	ported	src/tracing/subscriber/fmt_builder.cr	FmtSubscriberBuilder
tracing-subscriber/src/fmt/mod.rs::test::impls	test	missing	-	auto-generated
tracing-subscriber/src/fmt/mod.rs::test::is_lookup_span	test	missing	-	auto-generated
tracing-subscriber/src/fmt/mod.rs::test::subscriber_downcasts	test	missing	-	auto-generated
tracing-subscriber/src/fmt/mod.rs::test::subscriber_downcasts_to_parts	test	missing	-	auto-generated
tracing-subscriber/src/fmt/mod.rs::type::Formatter	type	missing	-	auto-generated
tracing-subscriber/src/fmt/time/chrono_crate.rs::func::new	func	skipped	-	requires chrono crate; Crystal has no equivalent
tracing-subscriber/src/fmt/time/chrono_crate.rs::func::rfc_3339	func	skipped	-	requires chrono crate; Crystal has no equivalent
tracing-subscriber/src/fmt/time/chrono_crate.rs::method::ChronoLocal.rfc_3339	method	skipped	-	requires chrono crate; Crystal has no equivalent
tracing-subscriber/src/fmt/time/chrono_crate.rs::method::ChronoUtc.rfc_3339	method	skipped	-	requires chrono crate; Crystal has no equivalent
tracing-subscriber/src/fmt/time/chrono_crate.rs::struct::ChronoLocal	struct	skipped	-	requires chrono crate; Crystal has no equivalent
tracing-subscriber/src/fmt/time/chrono_crate.rs::struct::ChronoUtc	struct	skipped	-	requires chrono crate; Crystal has no equivalent
tracing-subscriber/src/fmt/time/chrono_crate.rs::test::test_chrono_format_time_local_custom	test	skipped	-	requires chrono crate; Crystal has no equivalent
tracing-subscriber/src/fmt/time/chrono_crate.rs::test::test_chrono_format_time_local_default	test	skipped	-	requires chrono crate; Crystal has no equivalent
tracing-subscriber/src/fmt/time/chrono_crate.rs::test::test_chrono_format_time_utc_custom	test	skipped	-	requires chrono crate; Crystal has no equivalent
tracing-subscriber/src/fmt/time/chrono_crate.rs::test::test_chrono_format_time_utc_default	test	skipped	-	requires chrono crate; Crystal has no equivalent
tracing-subscriber/src/fmt/time/datetime.rs::test::test_datetime	test	ported	spec/fmt_time_spec.cr	-
tracing-subscriber/src/fmt/time/mod.rs::func::time	func	ported	src/tracing/subscriber/fmt/time.cr	-
tracing-subscriber/src/fmt/time/mod.rs::func::uptime	func	ported	src/tracing/subscriber/fmt/time.cr	-
tracing-subscriber/src/fmt/time/mod.rs::struct::SystemTime	struct	ported	src/tracing/subscriber/fmt/time.cr	-
tracing-subscriber/src/fmt/time/mod.rs::struct::Uptime	struct	ported	src/tracing/subscriber/fmt/time.cr	-
tracing-subscriber/src/fmt/time/mod.rs::trait::FormatTime	trait	ported	src/tracing/subscriber/fmt/time.cr	-
tracing-subscriber/src/fmt/time/time_crate.rs::func::local_rfc_3339	func	skipped	-	requires time crate; Crystal has no equivalent
tracing-subscriber/src/fmt/time/time_crate.rs::func::new	func	skipped	-	requires time crate; Crystal has no equivalent
tracing-subscriber/src/fmt/time/time_crate.rs::func::rfc_3339	func	skipped	-	requires time crate; Crystal has no equivalent
tracing-subscriber/src/fmt/time/time_crate.rs::method::LocalTime.new	method	skipped	-	requires time crate; Crystal has no equivalent
tracing-subscriber/src/fmt/time/time_crate.rs::method::LocalTime.rfc_3339	method	skipped	-	requires time crate; Crystal has no equivalent
tracing-subscriber/src/fmt/time/time_crate.rs::method::OffsetTime.local_rfc_3339	method	skipped	-	requires time crate; Crystal has no equivalent
tracing-subscriber/src/fmt/time/time_crate.rs::method::OffsetTime.new	method	skipped	-	requires time crate; Crystal has no equivalent
tracing-subscriber/src/fmt/time/time_crate.rs::method::UtcTime.new	method	skipped	-	requires time crate; Crystal has no equivalent
tracing-subscriber/src/fmt/time/time_crate.rs::method::UtcTime.rfc_3339	method	skipped	-	requires time crate; Crystal has no equivalent
tracing-subscriber/src/fmt/time/time_crate.rs::struct::LocalTime	struct	skipped	-	requires time crate; Crystal has no equivalent
tracing-subscriber/src/fmt/time/time_crate.rs::struct::OffsetTime	struct	skipped	-	requires time crate; Crystal has no equivalent
tracing-subscriber/src/fmt/time/time_crate.rs::struct::UtcTime	struct	skipped	-	requires time crate; Crystal has no equivalent
tracing-subscriber/src/fmt/writer.rs::enum::EitherWriter	enum	missing	-	auto-generated
tracing-subscriber/src/fmt/writer.rs::func::new	func	missing	-	auto-generated
tracing-subscriber/src/fmt/writer.rs::func::none	func	missing	-	auto-generated
tracing-subscriber/src/fmt/writer.rs::func::some	func	missing	-	auto-generated
tracing-subscriber/src/fmt/writer.rs::func::with_stderr	func	missing	-	auto-generated
tracing-subscriber/src/fmt/writer.rs::method::OptionalWriter.none	method	missing	-	auto-generated
tracing-subscriber/src/fmt/writer.rs::method::Tee.new	method	ported	src/tracing/subscriber/fmt/writer.cr	FmtWriter::Tee#initialize
tracing-subscriber/src/fmt/writer.rs::method::TestWriter.new	method	ported	src/tracing/subscriber/fmt/writer.cr	TestWriter#initialize
tracing-subscriber/src/fmt/writer.rs::method::WithFilter.new	method	ported	src/tracing/subscriber/fmt/writer.cr	FmtWriter::WithFilter#initialize
tracing-subscriber/src/fmt/writer.rs::method::WithMaxLevel.new	method	ported	src/tracing/subscriber/fmt/writer.cr	FmtWriter::WithMaxLevel#initialize
tracing-subscriber/src/fmt/writer.rs::method::WithMinLevel.new	method	ported	src/tracing/subscriber/fmt/writer.cr	FmtWriter::WithMinLevel#initialize
tracing-subscriber/src/fmt/writer.rs::struct::ArcWriter	struct	missing	-	auto-generated
tracing-subscriber/src/fmt/writer.rs::struct::BoxMakeWriter	struct	missing	-	auto-generated
tracing-subscriber/src/fmt/writer.rs::struct::MutexGuardWriter	struct	missing	-	auto-generated
tracing-subscriber/src/fmt/writer.rs::struct::OrElse	struct	ported	src/tracing/subscriber/fmt/writer.cr	FmtWriter::OrElse < MakeWriter
tracing-subscriber/src/fmt/writer.rs::struct::Tee	struct	ported	src/tracing/subscriber/fmt/writer.cr	FmtWriter::Tee < MakeWriter
tracing-subscriber/src/fmt/writer.rs::struct::TestWriter	struct	ported	src/tracing/subscriber/fmt/writer.cr	FmtWriter::TestWriter < IO
tracing-subscriber/src/fmt/writer.rs::struct::WithFilter	struct	ported	src/tracing/subscriber/fmt/writer.cr	FmtWriter::WithFilter < MakeWriter
tracing-subscriber/src/fmt/writer.rs::struct::WithMaxLevel	struct	ported	src/tracing/subscriber/fmt/writer.cr	FmtWriter::WithMaxLevel < MakeWriter
tracing-subscriber/src/fmt/writer.rs::struct::WithMinLevel	struct	ported	src/tracing/subscriber/fmt/writer.cr	FmtWriter::WithMinLevel < MakeWriter
tracing-subscriber/src/fmt/writer.rs::test::combinators_and	test	missing	-	auto-generated
tracing-subscriber/src/fmt/writer.rs::test::combinators_level_filters	test	missing	-	auto-generated
tracing-subscriber/src/fmt/writer.rs::test::combinators_or_else	test	missing	-	auto-generated
tracing-subscriber/src/fmt/writer.rs::test::combinators_or_else_chain	test	missing	-	auto-generated
tracing-subscriber/src/fmt/writer.rs::test::custom_writer_closure	test	missing	-	auto-generated
tracing-subscriber/src/fmt/writer.rs::test::custom_writer_mutex	test	missing	-	auto-generated
tracing-subscriber/src/fmt/writer.rs::test::custom_writer_struct	test	missing	-	auto-generated
tracing-subscriber/src/fmt/writer.rs::trait::MakeWriter	trait	missing	-	auto-generated
tracing-subscriber/src/fmt/writer.rs::trait::MakeWriterExt	trait	missing	-	auto-generated
tracing-subscriber/src/fmt/writer.rs::type::OptionalWriter	type	missing	-	auto-generated
tracing-subscriber/src/layer/context.rs::func::current_span	func	missing	-	auto-generated
tracing-subscriber/src/layer/context.rs::func::enabled	func	missing	-	auto-generated
tracing-subscriber/src/layer/context.rs::func::event	func	missing	-	auto-generated
tracing-subscriber/src/layer/context.rs::func::event_scope	func	missing	-	auto-generated
tracing-subscriber/src/layer/context.rs::func::event_span	func	missing	-	auto-generated
tracing-subscriber/src/layer/context.rs::func::exists	func	missing	-	auto-generated
tracing-subscriber/src/layer/context.rs::func::lookup_current	func	missing	-	auto-generated
tracing-subscriber/src/layer/context.rs::func::metadata	func	missing	-	auto-generated
tracing-subscriber/src/layer/context.rs::func::span	func	missing	-	auto-generated
tracing-subscriber/src/layer/context.rs::func::span_scope	func	missing	-	auto-generated
tracing-subscriber/src/layer/context.rs::struct::Context	struct	missing	-	auto-generated
tracing-subscriber/src/layer/layered.rs::struct::Layered	struct	missing	-	auto-generated
tracing-subscriber/src/layer/mod.rs::func::new	func	missing	-	auto-generated
tracing-subscriber/src/layer/mod.rs::method::Identity.new	method	missing	-	auto-generated
tracing-subscriber/src/layer/mod.rs::struct::Identity	struct	missing	-	auto-generated
tracing-subscriber/src/layer/mod.rs::trait::Filter	trait	missing	-	auto-generated
tracing-subscriber/src/layer/mod.rs::trait::Layer	trait	missing	-	auto-generated
tracing-subscriber/src/layer/mod.rs::trait::SubscriberExt	trait	missing	-	auto-generated
tracing-subscriber/src/layer/tests.rs::test::box_layer_is_layer	test	missing	-	auto-generated
tracing-subscriber/src/layer/tests.rs::test::context_event_span	test	missing	-	auto-generated
tracing-subscriber/src/layer/tests.rs::test::downcasts_to_layer	test	missing	-	auto-generated
tracing-subscriber/src/layer/tests.rs::test::downcasts_to_subscriber	test	missing	-	auto-generated
tracing-subscriber/src/layer/tests.rs::test::layer_is_subscriber	test	missing	-	auto-generated
tracing-subscriber/src/layer/tests.rs::test::many_plf_only_picks_max	test	missing	-	auto-generated
tracing-subscriber/src/layer/tests.rs::test::mixed_interleaved	test	missing	-	auto-generated
tracing-subscriber/src/layer/tests.rs::test::mixed_layered	test	missing	-	auto-generated
tracing-subscriber/src/layer/tests.rs::test::mixed_with_unfiltered	test	missing	-	auto-generated
tracing-subscriber/src/layer/tests.rs::test::mixed_with_unfiltered_layered	test	missing	-	auto-generated
tracing-subscriber/src/layer/tests.rs::test::nested_plf_only_picks_max	test	missing	-	auto-generated
tracing-subscriber/src/layer/tests.rs::test::plf_only_picks_max	test	missing	-	auto-generated
tracing-subscriber/src/layer/tests.rs::test::plf_only_unhinted	test	missing	-	auto-generated
tracing-subscriber/src/layer/tests.rs::test::plf_only_unhinted_nested_inner	test	missing	-	auto-generated
tracing-subscriber/src/layer/tests.rs::test::plf_only_unhinted_nested_outer	test	missing	-	auto-generated
tracing-subscriber/src/layer/tests.rs::test::three_layers_are_layer	test	missing	-	auto-generated
tracing-subscriber/src/layer/tests.rs::test::three_layers_are_subscriber	test	missing	-	auto-generated
tracing-subscriber/src/layer/tests.rs::test::two_layers_are_subscriber	test	missing	-	auto-generated
tracing-subscriber/src/layer/tests.rs::test::unhinted_nested_inner	test	missing	-	auto-generated
tracing-subscriber/src/layer/tests.rs::test::unhinted_nested_inner_mixed	test	missing	-	auto-generated
tracing-subscriber/src/lib.rs::func::registry	func	missing	-	auto-generated
tracing-subscriber/src/lib.rs::trait::Sealed	trait	missing	-	auto-generated
tracing-subscriber/src/registry/extensions.rs::struct::Extensions	struct	missing	-	auto-generated
tracing-subscriber/src/registry/extensions.rs::struct::ExtensionsMut	struct	missing	-	auto-generated
tracing-subscriber/src/registry/extensions.rs::test::clear_drops_elements	test	missing	-	auto-generated
tracing-subscriber/src/registry/extensions.rs::test::clear_retains_capacity	test	missing	-	auto-generated
tracing-subscriber/src/registry/extensions.rs::test::test_extensions	test	missing	-	auto-generated
tracing-subscriber/src/registry/mod.rs::func::extensions	func	missing	-	auto-generated
tracing-subscriber/src/registry/mod.rs::func::extensions_mut	func	missing	-	auto-generated
tracing-subscriber/src/registry/mod.rs::func::fields	func	missing	-	auto-generated
tracing-subscriber/src/registry/mod.rs::func::from_root	func	ported	src/tracing/subscriber/lookup_span.cr	-
tracing-subscriber/src/registry/mod.rs::func::id	func	missing	-	auto-generated
tracing-subscriber/src/registry/mod.rs::func::metadata	func	missing	-	auto-generated
tracing-subscriber/src/registry/mod.rs::func::name	func	missing	-	auto-generated
tracing-subscriber/src/registry/mod.rs::func::parent	func	ported	src/tracing/subscriber/lookup_span.cr	-
tracing-subscriber/src/registry/mod.rs::func::scope	func	ported	src/tracing/subscriber/lookup_span.cr	-
tracing-subscriber/src/registry/mod.rs::method::Scope.from_root	method	ported	src/tracing/subscriber/lookup_span.cr	-
tracing-subscriber/src/registry/mod.rs::method::SpanRef.id	method	missing	-	auto-generated
tracing-subscriber/src/registry/mod.rs::struct::Scope	struct	ported	src/tracing/subscriber/lookup_span.cr	-
tracing-subscriber/src/registry/mod.rs::struct::ScopeFromRoot	struct	skipped	-	Crystal #from_root returns a plain Iterator; no separate ScopeFromRoot struct
tracing-subscriber/src/registry/mod.rs::struct::SpanRef	struct	missing	-	auto-generated
tracing-subscriber/src/registry/mod.rs::test::spanref_scope_fromroot_iteration_order	test	missing	-	auto-generated
tracing-subscriber/src/registry/mod.rs::test::spanref_scope_iteration_order	test	missing	-	auto-generated
tracing-subscriber/src/registry/mod.rs::trait::LookupSpan	trait	missing	-	auto-generated
tracing-subscriber/src/registry/mod.rs::trait::SpanData	trait	missing	-	auto-generated
tracing-subscriber/src/registry/sharded.rs::struct::Data	struct	missing	-	auto-generated
tracing-subscriber/src/registry/sharded.rs::struct::Registry	struct	missing	-	auto-generated
tracing-subscriber/src/registry/sharded.rs::test::child_closes_grandparent	test	missing	-	auto-generated
tracing-subscriber/src/registry/sharded.rs::test::child_closes_parent	test	missing	-	auto-generated
tracing-subscriber/src/registry/sharded.rs::test::multiple_layers_can_access_closed_span	test	missing	-	auto-generated
tracing-subscriber/src/registry/sharded.rs::test::single_layer_can_access_closed_span	test	missing	-	auto-generated
tracing-subscriber/src/registry/sharded.rs::test::span_enter_guards_are_dropped_out_of_order	test	missing	-	auto-generated
tracing-subscriber/src/registry/sharded.rs::test::spans_are_only_closed_when_the_last_ref_drops	test	missing	-	auto-generated
tracing-subscriber/src/registry/sharded.rs::test::spans_are_removed_from_registry	test	missing	-	auto-generated
tracing-subscriber/src/registry/stack.rs::test::pop_first_span	test	missing	-	auto-generated
tracing-subscriber/src/registry/stack.rs::test::pop_last_span	test	missing	-	auto-generated
tracing-subscriber/src/reload.rs::func::clone_current	func	skipped	-	requires Clone; Crystal layers not cloneable, use with_current
tracing-subscriber/src/reload.rs::func::handle	func	ported	src/tracing/subscriber/reload.cr	-
tracing-subscriber/src/reload.rs::func::is_dropped	func	skipped	-	Rust weak-ref SubscriberGone; no Crystal equivalent
tracing-subscriber/src/reload.rs::func::is_poisoned	func	skipped	-	Rust lock poisoning; no Crystal equivalent
tracing-subscriber/src/reload.rs::func::modify	func	ported	src/tracing/subscriber/reload.cr	-
tracing-subscriber/src/reload.rs::func::new	func	ported	src/tracing/subscriber/reload.cr	-
tracing-subscriber/src/reload.rs::func::reload	func	ported	src/tracing/subscriber/reload.cr	-
tracing-subscriber/src/reload.rs::method::Handle.reload	method	ported	src/tracing/subscriber/reload.cr	-
tracing-subscriber/src/reload.rs::method::Layer.new	method	ported	src/tracing/subscriber/reload.cr	-
tracing-subscriber/src/reload.rs::struct::Error	struct	skipped	-	Rust lock-poison/weak-ref error; no Crystal equivalent
tracing-subscriber/src/reload.rs::struct::Handle	struct	ported	src/tracing/subscriber/reload.cr	-
tracing-subscriber/src/reload.rs::struct::Layer	struct	ported	src/tracing/subscriber/reload.cr	ported as Tracing::Reload
tracing-subscriber/src/util.rs::struct::TryInitError	struct	missing	-	auto-generated
tracing-subscriber/src/util.rs::trait::SubscriberInitExt	trait	missing	-	auto-generated
tracing-subscriber/tests/ansi_escaping.rs::test::ansi_sanitization_prevents_injection	test	missing	-	auto-generated
tracing-subscriber/tests/ansi_escaping.rs::test::test_c1_control_characters_escaping	test	missing	-	auto-generated
tracing-subscriber/tests/ansi_escaping.rs::test::test_error_ansi_escaping	test	missing	-	auto-generated
tracing-subscriber/tests/ansi_escaping.rs::test::test_json_ansi_escaping	test	missing	-	auto-generated
tracing-subscriber/tests/ansi_escaping.rs::test::test_message_ansi_escaping	test	missing	-	auto-generated
tracing-subscriber/tests/ansi_escaping.rs::test::test_pretty_ansi_escaping	test	missing	-	auto-generated
tracing-subscriber/tests/cached_layer_filters_dont_break_other_layers.rs::test::layer_filters	test	missing	-	auto-generated
tracing-subscriber/tests/cached_layer_filters_dont_break_other_layers.rs::test::layered_layer_filters	test	missing	-	auto-generated
tracing-subscriber/tests/cached_layer_filters_dont_break_other_layers.rs::test::mixed_layered	test	missing	-	auto-generated
tracing-subscriber/tests/cached_layer_filters_dont_break_other_layers.rs::test::out_of_order	test	missing	-	auto-generated
tracing-subscriber/tests/duplicate_spans.rs::test::duplicate_spans	test	missing	-	auto-generated
tracing-subscriber/tests/env_filter/main.rs::test::add_directive_enables_event	test	missing	-	auto-generated
tracing-subscriber/tests/env_filter/main.rs::test::level_filter_event	test	missing	-	auto-generated
tracing-subscriber/tests/env_filter/main.rs::test::level_filter_event_with_target	test	missing	-	auto-generated
tracing-subscriber/tests/env_filter/main.rs::test::level_filter_event_with_target_and_span	test	missing	-	auto-generated
tracing-subscriber/tests/env_filter/main.rs::test::level_filter_event_with_target_and_span_global	test	missing	-	auto-generated
tracing-subscriber/tests/env_filter/main.rs::test::method_name_resolution	test	missing	-	auto-generated
tracing-subscriber/tests/env_filter/main.rs::test::more_specific_dynamic_filter_less_verbose	test	missing	-	auto-generated
tracing-subscriber/tests/env_filter/main.rs::test::more_specific_dynamic_filter_more_verbose	test	missing	-	auto-generated
tracing-subscriber/tests/env_filter/main.rs::test::more_specific_static_filter_less_verbose	test	missing	-	auto-generated
tracing-subscriber/tests/env_filter/main.rs::test::more_specific_static_filter_more_verbose	test	missing	-	auto-generated
tracing-subscriber/tests/env_filter/main.rs::test::multiple_dynamic_filters	test	missing	-	auto-generated
tracing-subscriber/tests/env_filter/main.rs::test::new_empty_string	test	missing	-	auto-generated
tracing-subscriber/tests/env_filter/main.rs::test::new_invalid_string	test	missing	-	auto-generated
tracing-subscriber/tests/env_filter/main.rs::test::not_order_dependent	test	missing	-	auto-generated
tracing-subscriber/tests/env_filter/main.rs::test::parse_empty_string_no_default_directive	test	missing	-	auto-generated
tracing-subscriber/tests/env_filter/main.rs::test::parse_empty_string_with_default_directive	test	missing	-	auto-generated
tracing-subscriber/tests/env_filter/main.rs::test::parse_invalid_string	test	missing	-	auto-generated
tracing-subscriber/tests/env_filter/main.rs::test::same_name_spans	test	missing	-	auto-generated
tracing-subscriber/tests/env_filter/main.rs::test::span_name_filter_is_dynamic	test	missing	-	auto-generated
tracing-subscriber/tests/env_filter/per_layer.rs::test::add_directive_enables_event	test	missing	-	auto-generated
tracing-subscriber/tests/env_filter/per_layer.rs::test::level_filter_event	test	missing	-	auto-generated
tracing-subscriber/tests/env_filter/per_layer.rs::test::level_filter_event_with_target	test	missing	-	auto-generated
tracing-subscriber/tests/env_filter/per_layer.rs::test::level_filter_event_with_target_and_span	test	missing	-	auto-generated
tracing-subscriber/tests/env_filter/per_layer.rs::test::multiple_dynamic_filters	test	missing	-	auto-generated
tracing-subscriber/tests/env_filter/per_layer.rs::test::not_order_dependent	test	missing	-	auto-generated
tracing-subscriber/tests/env_filter/per_layer.rs::test::same_name_spans	test	missing	-	auto-generated
tracing-subscriber/tests/env_filter/per_layer.rs::test::span_name_filter_is_dynamic	test	missing	-	auto-generated
tracing-subscriber/tests/event_enabling.rs::test::event_disabled_does_disable_event	test	missing	-	auto-generated
tracing-subscriber/tests/event_enabling.rs::test::event_enabled_is_only_called_once	test	missing	-	auto-generated
tracing-subscriber/tests/event_enabling.rs::test::event_enabled_not_called_when_not_enabled	test	missing	-	auto-generated
tracing-subscriber/tests/field_filter.rs::test::field_filter_events	test	missing	-	auto-generated
tracing-subscriber/tests/field_filter.rs::test::field_filter_spans	test	missing	-	auto-generated
tracing-subscriber/tests/field_filter.rs::test::record_after_created	test	missing	-	auto-generated
tracing-subscriber/tests/filter_log.rs::test::log_is_enabled	test	missing	-	auto-generated
tracing-subscriber/tests/fmt_max_level_hint.rs::test::fmt_sets_max_level_hint	test	missing	-	auto-generated
tracing-subscriber/tests/hinted_layer_filters_dont_break_other_layers.rs::test::layer_filters	test	missing	-	auto-generated
tracing-subscriber/tests/hinted_layer_filters_dont_break_other_layers.rs::test::layered_layer_filters	test	missing	-	auto-generated
tracing-subscriber/tests/hinted_layer_filters_dont_break_other_layers.rs::test::mixed_layered	test	missing	-	auto-generated
tracing-subscriber/tests/hinted_layer_filters_dont_break_other_layers.rs::test::out_of_order	test	missing	-	auto-generated
tracing-subscriber/tests/layer_filter_interests_are_cached.rs::test::layer_filter_interests_are_cached	test	missing	-	auto-generated
tracing-subscriber/tests/layer_filters/boxed.rs::test::box_works	test	missing	-	auto-generated
tracing-subscriber/tests/layer_filters/boxed.rs::test::dyn_box_works	test	missing	-	auto-generated
tracing-subscriber/tests/layer_filters/combinators.rs::test::and	test	missing	-	auto-generated
tracing-subscriber/tests/layer_filters/downcast_raw.rs::test::downcast_ref_to_inner_layer_and_filter	test	missing	-	auto-generated
tracing-subscriber/tests/layer_filters/downcast_raw.rs::test::forward_downcast_raw_to_layer	test	missing	-	auto-generated
tracing-subscriber/tests/layer_filters/filter_scopes.rs::test::filters_interleaved_span_scopes	test	missing	-	auto-generated
tracing-subscriber/tests/layer_filters/filter_scopes.rs::test::filters_span_scopes	test	missing	-	auto-generated
tracing-subscriber/tests/layer_filters/main.rs::test::basic_layer_filter_spans	test	missing	-	auto-generated
tracing-subscriber/tests/layer_filters/main.rs::test::basic_layer_filters	test	missing	-	auto-generated
tracing-subscriber/tests/layer_filters/main.rs::test::filter_fn	test	missing	-	auto-generated
tracing-subscriber/tests/layer_filters/main.rs::test::global_filter_interests_are_cached	test	missing	-	auto-generated
tracing-subscriber/tests/layer_filters/main.rs::test::global_filters_affect_subscriber_filters	test	missing	-	auto-generated
tracing-subscriber/tests/layer_filters/main.rs::test::global_filters_subscribers_still_work	test	missing	-	auto-generated
tracing-subscriber/tests/layer_filters/option.rs::test::none_max_level_hint	test	missing	-	auto-generated
tracing-subscriber/tests/layer_filters/option.rs::test::option_mixed	test	missing	-	auto-generated
tracing-subscriber/tests/layer_filters/option.rs::test::option_none	test	missing	-	auto-generated
tracing-subscriber/tests/layer_filters/option.rs::test::option_some	test	missing	-	auto-generated
tracing-subscriber/tests/layer_filters/option.rs::test::some_max_level_hint	test	missing	-	auto-generated
tracing-subscriber/tests/layer_filters/per_event.rs::test::per_layer_event_field_filtering	test	missing	-	auto-generated
tracing-subscriber/tests/layer_filters/targets.rs::test::inner_layer_short_circuits	test	missing	-	auto-generated
tracing-subscriber/tests/layer_filters/targets.rs::test::log_events	test	missing	-	auto-generated
tracing-subscriber/tests/layer_filters/trees.rs::test::basic_trees	test	missing	-	auto-generated
tracing-subscriber/tests/layer_filters/trees.rs::test::filter_span_scopes	test	missing	-	auto-generated
tracing-subscriber/tests/layer_filters/vec.rs::test::all_filtered_max_level_hint	test	missing	-	auto-generated
tracing-subscriber/tests/layer_filters/vec.rs::test::empty_vec	test	missing	-	auto-generated
tracing-subscriber/tests/layer_filters/vec.rs::test::mixed_max_level_hint	test	missing	-	auto-generated
tracing-subscriber/tests/layer_filters/vec.rs::test::with_filters_boxed	test	missing	-	auto-generated
tracing-subscriber/tests/layer_filters/vec.rs::test::with_filters_unboxed	test	missing	-	auto-generated
tracing-subscriber/tests/multiple_layer_filter_interests_cached.rs::test::multiple_layer_filter_interests_are_cached	test	missing	-	auto-generated
tracing-subscriber/tests/on_register_dispatch_is_called.rs::test::on_register_dispatch_is_called	test	missing	-	auto-generated
tracing-subscriber/tests/option.rs::test::just_layer	test	missing	-	auto-generated
tracing-subscriber/tests/option.rs::test::just_option_none_layer	test	missing	-	auto-generated
tracing-subscriber/tests/option.rs::test::just_option_some_layer	test	missing	-	auto-generated
tracing-subscriber/tests/option.rs::test::none_inside_doesnt_override_max_level	test	missing	-	auto-generated
tracing-subscriber/tests/option.rs::test::none_outside_doesnt_override_max_level	test	missing	-	auto-generated
tracing-subscriber/tests/option.rs::test::reload_works_with_none	test	missing	-	auto-generated
tracing-subscriber/tests/option.rs::test::subscriber_and_option_none_layer	test	missing	-	auto-generated
tracing-subscriber/tests/option.rs::test::subscriber_and_option_some_layer	test	missing	-	auto-generated
tracing-subscriber/tests/option_filter_interest_caching.rs::test::none_interest_cache	test	missing	-	auto-generated
tracing-subscriber/tests/registry_max_level_hint.rs::test::registry_sets_max_level_hint	test	missing	-	auto-generated
tracing-subscriber/tests/registry_span_instrument_drop.rs::test::span_entered_on_different_thread_from_subscriber	test	missing	-	auto-generated
tracing-subscriber/tests/reload.rs::struct::NopSubscriber	struct	missing	-	auto-generated
tracing-subscriber/tests/reload.rs::test::run_all_reload_test	test	missing	-	auto-generated
tracing-subscriber/tests/reload_max_log_level.rs::test::reload_max_log_level	test	missing	-	auto-generated
tracing-subscriber/tests/same_len_filters.rs::test::same_length_targets	test	missing	-	auto-generated
tracing-subscriber/tests/same_len_filters.rs::test::same_num_fields_and_name_len	test	missing	-	auto-generated
tracing-subscriber/tests/same_len_filters.rs::test::same_num_fields_event	test	missing	-	auto-generated
tracing-subscriber/tests/unhinted_layer_filters_dont_break_other_layers.rs::test::layer_filters	test	missing	-	auto-generated
tracing-subscriber/tests/unhinted_layer_filters_dont_break_other_layers.rs::test::layered_layer_filters	test	missing	-	auto-generated
tracing-subscriber/tests/unhinted_layer_filters_dont_break_other_layers.rs::test::mixed_layered	test	missing	-	auto-generated
tracing-subscriber/tests/unhinted_layer_filters_dont_break_other_layers.rs::test::out_of_order	test	missing	-	auto-generated
tracing-subscriber/tests/utils.rs::test::builders_are_init_ext	test	missing	-	auto-generated
tracing-subscriber/tests/utils.rs::test::init_ext_works	test	missing	-	auto-generated
tracing-subscriber/tests/utils.rs::test::layered_is_init_ext	test	missing	-	auto-generated
tracing-subscriber/tests/vec.rs::test::just_empty_vec	test	missing	-	auto-generated
tracing-subscriber/tests/vec.rs::test::layer_and_empty_vec	test	missing	-	auto-generated
tracing-subscriber/tests/vec_subscriber_filter_interests_cached.rs::test::vec_layer_filter_interests_are_cached	test	missing	-	auto-generated
tracing-test/src/lib.rs::func::new_err	func	missing	-	auto-generated
tracing-test/src/lib.rs::func::new_ok	func	missing	-	auto-generated
tracing-test/src/lib.rs::method::PollN.new_ok	method	missing	-	auto-generated
tracing-test/src/lib.rs::struct::PollN	struct	missing	-	auto-generated
tracing-tower/src/lib.rs::trait::GetSpan	trait	missing	-	auto-generated
tracing-tower/src/lib.rs::trait::InstrumentableService	trait	missing	-	auto-generated
tracing-tower/src/lib.rs::trait::Sealed	trait	missing	-	auto-generated
tracing-tower/src/lib.rs::type::InstrumentedService	type	missing	-	auto-generated
tracing-tower/src/request_span.rs::func::new	func	missing	-	auto-generated
tracing-tower/src/request_span.rs::method::Service.new	method	missing	-	auto-generated
tracing-tower/src/request_span.rs::struct::Layer	struct	missing	-	auto-generated
tracing-tower/src/request_span.rs::struct::MakeFuture	struct	missing	-	auto-generated
tracing-tower/src/request_span.rs::struct::MakeLayer	struct	missing	-	auto-generated
tracing-tower/src/request_span.rs::struct::MakeService	struct	missing	-	auto-generated
tracing-tower/src/request_span.rs::struct::Service	struct	missing	-	auto-generated
tracing-tower/src/service_span.rs::func::new	func	missing	-	auto-generated
tracing-tower/src/service_span.rs::method::MakeService.new	method	missing	-	auto-generated
tracing-tower/src/service_span.rs::method::Service.new	method	missing	-	auto-generated
tracing-tower/src/service_span.rs::struct::Layer	struct	missing	-	auto-generated
tracing-tower/src/service_span.rs::struct::MakeFuture	struct	missing	-	auto-generated
tracing-tower/src/service_span.rs::struct::MakeLayer	struct	missing	-	auto-generated
tracing-tower/src/service_span.rs::struct::MakeService	struct	missing	-	auto-generated
tracing-tower/src/service_span.rs::struct::Service	struct	missing	-	auto-generated
tracing/benches/shared.rs::func::for_all_dispatches	func	missing	-	auto-generated
tracing/benches/shared.rs::func::for_all_recording	func	missing	-	auto-generated
tracing/src/field.rs::trait::AsField	trait	missing	-	auto-generated
tracing/src/instrument.rs::func::dispatcher	func	missing	-	auto-generated
tracing/src/instrument.rs::func::inner	func	missing	-	auto-generated
tracing/src/instrument.rs::func::inner_mut	func	missing	-	auto-generated
tracing/src/instrument.rs::func::inner_pin_mut	func	missing	-	auto-generated
tracing/src/instrument.rs::func::inner_pin_ref	func	missing	-	auto-generated
tracing/src/instrument.rs::func::into_inner	func	missing	-	auto-generated
tracing/src/instrument.rs::func::span	func	missing	-	auto-generated
tracing/src/instrument.rs::func::span_mut	func	missing	-	auto-generated
tracing/src/instrument.rs::method::Instrumented.span	method	missing	-	auto-generated
tracing/src/instrument.rs::method::WithDispatch.dispatcher	method	missing	-	auto-generated
tracing/src/instrument.rs::struct::Instrumented	struct	missing	-	auto-generated
tracing/src/instrument.rs::struct::WithDispatch	struct	missing	-	auto-generated
tracing/src/instrument.rs::trait::Instrument	trait	missing	-	auto-generated
tracing/src/instrument.rs::trait::WithSubscriber	trait	missing	-	auto-generated
tracing/src/level_filters.rs::const::STATIC_MAX_LEVEL	const	missing	-	auto-generated
tracing/src/lib.rs::func::__disabled_span	func	missing	-	auto-generated
tracing/src/lib.rs::func::__is_enabled	func	missing	-	auto-generated
tracing/src/lib.rs::func::__tracing_log	func	missing	-	auto-generated
tracing/src/lib.rs::struct::FieldName	struct	missing	-	auto-generated
tracing/src/lib.rs::trait::Sealed	trait	missing	-	auto-generated
tracing/src/span.rs::func::child_of	func	missing	-	auto-generated
tracing/src/span.rs::func::child_of_with	func	missing	-	auto-generated
tracing/src/span.rs::func::current	func	missing	-	auto-generated
tracing/src/span.rs::func::enter	func	missing	-	auto-generated
tracing/src/span.rs::func::entered	func	missing	-	auto-generated
tracing/src/span.rs::func::exit	func	missing	-	auto-generated
tracing/src/span.rs::func::follows_from	func	missing	-	auto-generated
tracing/src/span.rs::func::id	func	missing	-	auto-generated
tracing/src/span.rs::func::is_disabled	func	missing	-	auto-generated
tracing/src/span.rs::func::is_none	func	missing	-	auto-generated
tracing/src/span.rs::func::metadata	func	missing	-	auto-generated
tracing/src/span.rs::func::new	func	missing	-	auto-generated
tracing/src/span.rs::func::new_disabled	func	missing	-	auto-generated
tracing/src/span.rs::func::new_root	func	missing	-	auto-generated
tracing/src/span.rs::func::new_root_with	func	missing	-	auto-generated
tracing/src/span.rs::func::new_with	func	missing	-	auto-generated
tracing/src/span.rs::func::or_current	func	missing	-	auto-generated
tracing/src/span.rs::func::record_all	func	missing	-	auto-generated
tracing/src/span.rs::method::EnteredSpan.id	method	missing	-	auto-generated
tracing/src/span.rs::method::Span.new	method	missing	-	auto-generated
tracing/src/span.rs::struct::Entered	struct	missing	-	auto-generated
tracing/src/span.rs::struct::EnteredSpan	struct	missing	-	auto-generated
tracing/src/span.rs::struct::Span	struct	missing	-	auto-generated
tracing/src/span.rs::test::test_record_backwards_compat	test	missing	-	auto-generated
tracing/src/span.rs::trait::AsId	trait	missing	-	auto-generated
tracing/test-log-support/src/lib.rs::func::assert_logged	func	missing	-	auto-generated
tracing/test-log-support/src/lib.rs::func::assert_not_logged	func	missing	-	auto-generated
tracing/test-log-support/src/lib.rs::func::start	func	missing	-	auto-generated
tracing/test-log-support/src/lib.rs::method::Test.start	method	missing	-	auto-generated
tracing/test-log-support/src/lib.rs::struct::Test	struct	missing	-	auto-generated
tracing/test-log-support/tests/log_move_arg.rs::test::test_move_arg	test	missing	-	auto-generated
tracing/test-log-support/tests/log_no_trace.rs::test::test_always_log	test	missing	-	auto-generated
tracing/test-log-support/tests/log_with_trace.rs::struct::NopSubscriber	struct	missing	-	auto-generated
tracing/test-log-support/tests/log_with_trace.rs::test::log_with_trace	test	missing	-	auto-generated
tracing/test-log-support/tests/span_activity_filtered_separately.rs::test::span_activity_filtered_separately	test	missing	-	auto-generated
tracing/test-log-support/tests/span_lifecycle_can_be_enabled.rs::test::span_lifecycle_can_be_enabled	test	missing	-	auto-generated
tracing/test-log-support/tests/span_lifecycle_defaults_off.rs::test::span_lifecycle_defaults_off	test	missing	-	auto-generated
tracing/test-log-support/tests/span_lifecycle_is_trace.rs::test::span_lifecycle_is_trace	test	missing	-	auto-generated
tracing/test_static_max_level_features/tests/test.rs::test::test_static_max_level_events	test	missing	-	auto-generated
tracing/test_static_max_level_features/tests/test.rs::test::test_static_max_level_instrument	test	missing	-	auto-generated
tracing/test_static_max_level_features/tests/test.rs::test::test_static_max_level_spans	test	missing	-	auto-generated
tracing/tests/enabled.rs::test::level_and_target	test	missing	-	auto-generated
tracing/tests/enabled.rs::test::span_and_event	test	missing	-	auto-generated
tracing/tests/event.rs::test::borrowed_field	test	missing	-	auto-generated
tracing/tests/event.rs::test::both_shorthands	test	missing	-	auto-generated
tracing/tests/event.rs::test::constant_field_name	test	missing	-	auto-generated
tracing/tests/event.rs::test::debug_shorthand	test	missing	-	auto-generated
tracing/tests/event.rs::test::display_shorthand	test	missing	-	auto-generated
tracing/tests/event.rs::test::dotted_field_name	test	missing	-	auto-generated
tracing/tests/event.rs::test::event_with_message	test	missing	-	auto-generated
tracing/tests/event.rs::test::explicit_child	test	missing	-	auto-generated
tracing/tests/event.rs::test::explicit_child_at_levels	test	missing	-	auto-generated
tracing/tests/event.rs::test::keyword_ident_in_field_name	test	missing	-	auto-generated
tracing/tests/event.rs::test::message_without_delims	test	missing	-	auto-generated
tracing/tests/event.rs::test::move_field_out_of_struct	test	missing	-	auto-generated
tracing/tests/event.rs::test::moved_field	test	missing	-	auto-generated
tracing/tests/event.rs::test::one_with_everything	test	missing	-	auto-generated
tracing/tests/event.rs::test::option_ref_mut_values	test	missing	-	auto-generated
tracing/tests/event.rs::test::option_ref_values	test	missing	-	auto-generated
tracing/tests/event.rs::test::option_values	test	missing	-	auto-generated
tracing/tests/event.rs::test::raw_ident_in_field_name	test	missing	-	auto-generated
tracing/tests/event.rs::test::string_field	test	missing	-	auto-generated
tracing/tests/event.rs::test::string_message_without_delims	test	missing	-	auto-generated
tracing/tests/filter_caching_is_lexically_scoped.rs::func::my_great_function	func	missing	-	auto-generated
tracing/tests/filter_caching_is_lexically_scoped.rs::func::my_other_function	func	missing	-	auto-generated
tracing/tests/filter_caching_is_lexically_scoped.rs::test::filter_caching_is_lexically_scoped	test	missing	-	auto-generated
tracing/tests/filters_are_not_reevaluated_for_the_same_span.rs::test::filters_are_not_reevaluated_for_the_same_span	test	missing	-	auto-generated
tracing/tests/filters_are_reevaluated_for_different_call_sites.rs::test::filters_are_reevaluated_for_different_call_sites	test	missing	-	auto-generated
tracing/tests/filters_dont_leak.rs::test::events_dont_leak	test	missing	-	auto-generated
tracing/tests/filters_dont_leak.rs::test::spans_dont_leak	test	missing	-	auto-generated
tracing/tests/future_send.rs::test::async_block_is_send	test	missing	-	auto-generated
tracing/tests/future_send.rs::test::async_fn_is_send	test	missing	-	auto-generated
tracing/tests/instrument.rs::test::span_on_drop	test	missing	-	auto-generated
tracing/tests/macro_imports.rs::test::prefixed_event_macros	test	missing	-	auto-generated
tracing/tests/macro_imports.rs::test::prefixed_span_macros	test	missing	-	auto-generated
tracing/tests/macros.rs::test::borrow_val_events	test	missing	-	auto-generated
tracing/tests/macros.rs::test::borrow_val_spans	test	missing	-	auto-generated
tracing/tests/macros.rs::test::callsite_macro_api	test	missing	-	auto-generated
tracing/tests/macros.rs::test::debug	test	missing	-	auto-generated
tracing/tests/macros.rs::test::debug_root	test	missing	-	auto-generated
tracing/tests/macros.rs::test::debug_span	test	missing	-	auto-generated
tracing/tests/macros.rs::test::debug_span_root	test	missing	-	auto-generated
tracing/tests/macros.rs::test::debug_span_with_parent	test	missing	-	auto-generated
tracing/tests/macros.rs::test::debug_with_parent	test	missing	-	auto-generated
tracing/tests/macros.rs::test::enabled	test	missing	-	auto-generated
tracing/tests/macros.rs::test::error	test	missing	-	auto-generated
tracing/tests/macros.rs::test::error_root	test	missing	-	auto-generated
tracing/tests/macros.rs::test::error_span	test	missing	-	auto-generated
tracing/tests/macros.rs::test::error_span_root	test	missing	-	auto-generated
tracing/tests/macros.rs::test::error_span_with_parent	test	missing	-	auto-generated
tracing/tests/macros.rs::test::error_with_parent	test	missing	-	auto-generated
tracing/tests/macros.rs::test::event	test	missing	-	auto-generated
tracing/tests/macros.rs::test::event_enabled	test	missing	-	auto-generated
tracing/tests/macros.rs::test::event_root	test	missing	-	auto-generated
tracing/tests/macros.rs::test::event_with_parent	test	missing	-	auto-generated
tracing/tests/macros.rs::test::field_shorthand_only	test	missing	-	auto-generated
tracing/tests/macros.rs::test::format_args_already_defined	test	missing	-	auto-generated
tracing/tests/macros.rs::test::info	test	missing	-	auto-generated
tracing/tests/macros.rs::test::info_root	test	missing	-	auto-generated
tracing/tests/macros.rs::test::info_span	test	missing	-	auto-generated
tracing/tests/macros.rs::test::info_span_root	test	missing	-	auto-generated
tracing/tests/macros.rs::test::info_span_with_parent	test	missing	-	auto-generated
tracing/tests/macros.rs::test::info_with_parent	test	missing	-	auto-generated
tracing/tests/macros.rs::test::large_span	test	missing	-	auto-generated
tracing/tests/macros.rs::test::locals_no_message	test	missing	-	auto-generated
tracing/tests/macros.rs::test::locals_with_message	test	missing	-	auto-generated
tracing/tests/macros.rs::test::span	test	missing	-	auto-generated
tracing/tests/macros.rs::test::span_enabled	test	missing	-	auto-generated
tracing/tests/macros.rs::test::span_root	test	missing	-	auto-generated
tracing/tests/macros.rs::test::span_with_non_rust_symbol	test	missing	-	auto-generated
tracing/tests/macros.rs::test::span_with_parent	test	missing	-	auto-generated
tracing/tests/macros.rs::test::trace	test	missing	-	auto-generated
tracing/tests/macros.rs::test::trace_root	test	missing	-	auto-generated
tracing/tests/macros.rs::test::trace_span	test	missing	-	auto-generated
tracing/tests/macros.rs::test::trace_span_root	test	missing	-	auto-generated
tracing/tests/macros.rs::test::trace_span_with_parent	test	missing	-	auto-generated
tracing/tests/macros.rs::test::trace_with_parent	test	missing	-	auto-generated
tracing/tests/macros.rs::test::warn	test	missing	-	auto-generated
tracing/tests/macros.rs::test::warn_root	test	missing	-	auto-generated
tracing/tests/macros.rs::test::warn_span	test	missing	-	auto-generated
tracing/tests/macros.rs::test::warn_span_root	test	missing	-	auto-generated
tracing/tests/macros.rs::test::warn_span_with_parent	test	missing	-	auto-generated
tracing/tests/macros.rs::test::warn_with_parent	test	missing	-	auto-generated
tracing/tests/macros_incompatible_concat.rs::test::enabled	test	missing	-	auto-generated
tracing/tests/macros_incompatible_concat.rs::test::event	test	missing	-	auto-generated
tracing/tests/macros_incompatible_concat.rs::test::span	test	missing	-	auto-generated
tracing/tests/max_level_hint.rs::test::max_level_hints	test	missing	-	auto-generated
tracing/tests/missed_register_callsite.rs::test::event_before_register	test	missing	-	auto-generated
tracing/tests/multiple_max_level_hints.rs::test::multiple_max_level_hints	test	missing	-	auto-generated
tracing/tests/no_subscriber.rs::test::no_subscriber_disables_global	test	missing	-	auto-generated
tracing/tests/register_callsite_deadlock.rs::struct::EvilSubscriber	struct	missing	-	auto-generated
tracing/tests/register_callsite_deadlock.rs::test::register_callsite_doesnt_deadlock	test	missing	-	auto-generated
tracing/tests/scoped_clobbers_default.rs::test::scoped_clobbers_global	test	missing	-	auto-generated
tracing/tests/span.rs::test::add_field_after_new_span	test	missing	-	auto-generated
tracing/tests/span.rs::test::add_fields_only_after_new_span	test	missing	-	auto-generated
tracing/tests/span.rs::test::borrowed_field	test	missing	-	auto-generated
tracing/tests/span.rs::test::both_shorthands	test	missing	-	auto-generated
tracing/tests/span.rs::test::clone_and_drop_span_always_go_to_the_subscriber_that_tagged_the_span	test	missing	-	auto-generated
tracing/tests/span.rs::test::cloning_a_span_calls_clone_span	test	missing	-	auto-generated
tracing/tests/span.rs::test::constant_field_name	test	missing	-	auto-generated
tracing/tests/span.rs::test::contextual_child	test	missing	-	auto-generated
tracing/tests/span.rs::test::contextual_root	test	missing	-	auto-generated
tracing/tests/span.rs::test::debug_shorthand	test	missing	-	auto-generated
tracing/tests/span.rs::test::display_shorthand	test	missing	-	auto-generated
tracing/tests/span.rs::test::dotted_field_name	test	missing	-	auto-generated
tracing/tests/span.rs::test::drop_span_when_exiting_dispatchers_context	test	missing	-	auto-generated
tracing/tests/span.rs::test::dropping_a_span_calls_drop_span	test	missing	-	auto-generated
tracing/tests/span.rs::test::enter	test	missing	-	auto-generated
tracing/tests/span.rs::test::entered	test	missing	-	auto-generated
tracing/tests/span.rs::test::entered_api	test	missing	-	auto-generated
tracing/tests/span.rs::test::event_outside_of_span	test	missing	-	auto-generated
tracing/tests/span.rs::test::explicit_child	test	missing	-	auto-generated
tracing/tests/span.rs::test::explicit_child_at_levels	test	missing	-	auto-generated
tracing/tests/span.rs::test::explicit_child_regardless_of_ctx	test	missing	-	auto-generated
tracing/tests/span.rs::test::explicit_root_span_is_root	test	missing	-	auto-generated
tracing/tests/span.rs::test::explicit_root_span_is_root_regardless_of_ctx	test	missing	-	auto-generated
tracing/tests/span.rs::test::float_values	test	missing	-	auto-generated
tracing/tests/span.rs::test::handles_to_different_spans_are_not_equal	test	missing	-	auto-generated
tracing/tests/span.rs::test::handles_to_different_spans_with_the_same_metadata_are_not_equal	test	missing	-	auto-generated
tracing/tests/span.rs::test::handles_to_the_same_span_are_equal	test	missing	-	auto-generated
tracing/tests/span.rs::test::keyword_ident_in_field_name_span_macro	test	missing	-	auto-generated
tracing/tests/span.rs::test::move_field_out_of_struct	test	missing	-	auto-generated
tracing/tests/span.rs::test::moved_field	test	missing	-	auto-generated
tracing/tests/span.rs::test::new_span_after_event	test	missing	-	auto-generated
tracing/tests/span.rs::test::new_span_with_target_and_log_level	test	missing	-	auto-generated
tracing/tests/span.rs::test::record_all_macro_records_all_fields	test	missing	-	auto-generated
tracing/tests/span.rs::test::record_all_macro_records_all_fields_different_order	test	missing	-	auto-generated
tracing/tests/span.rs::test::record_all_macro_records_new_values_for_fields	test	missing	-	auto-generated
tracing/tests/span.rs::test::record_all_macro_unknown_field	test	missing	-	auto-generated
tracing/tests/span.rs::test::record_new_value_for_field	test	missing	-	auto-generated
tracing/tests/span.rs::test::record_new_values_for_fields	test	missing	-	auto-generated
tracing/tests/span.rs::test::span_closes_after_event	test	missing	-	auto-generated
tracing/tests/span.rs::test::span_closes_when_exited	test	missing	-	auto-generated
tracing/tests/span.rs::test::spans_always_go_to_the_subscriber_that_tagged_them	test	missing	-	auto-generated
tracing/tests/span.rs::test::spans_always_go_to_the_subscriber_that_tagged_them_even_across_threads	test	missing	-	auto-generated
tracing/tests/subscriber.rs::test::arced_subscriber	test	missing	-	auto-generated
tracing/tests/subscriber.rs::test::boxed_subscriber	test	missing	-	auto-generated
tracing/tests/subscriber.rs::test::event_macros_dont_infinite_loop	test	missing	-	auto-generated
